Date,Open,High,Low,Close,Adj Close,Volume
2017-10-05,81.5,82.099998,81.5,81.849998,67.245644,6407078.0
2017-10-06,82.099998,82.199997,81.949997,82.099998,67.451019,4126781.0
2017-10-11,82.449997,83.400002,82.449997,83.400002,68.519073,15975456.0
2017-10-12,83.550003,84.199997,83.550003,84.199997,69.176331,8770044.0
2017-10-13,83.949997,84.050003,83.75,84.050003,69.053101,3596016.0
2017-10-16,84.050003,84.5,84.050003,84.5,69.422791,4045713.0
2017-10-17,84.550003,84.699997,84.300003,84.300003,69.258492,3233897.0
2017-10-18,84.800003,85.0,84.300003,84.599998,69.504959,4472628.0
2017-10-19,84.699997,85.199997,84.699997,84.900002,69.751419,2447441.0
2017-10-20,84.400002,84.849998,84.400002,84.550003,69.46389,1725562.0
2017-10-23,84.699997,84.949997,84.449997,84.5,69.422791,1771858.0
2017-10-24,84.5,84.5,84.199997,84.400002,69.340637,1072153.0
2017-10-25,84.300003,84.599998,84.199997,84.349998,69.299561,2416641.0
2017-10-26,84.150002,84.400002,84.0,84.25,69.217392,3226482.0
2017-10-27,84.300003,84.75,84.199997,84.300003,69.258492,2141138.0
2017-10-30,85.099998,85.349998,84.800003,84.949997,69.792503,3357992.0
2017-10-31,85.0,85.349998,84.800003,85.199997,69.997894,2131434.0
2017-11-01,85.349998,85.400002,84.949997,85.099998,69.915749,1313748.0
2017-11-02,84.949997,85.050003,84.699997,84.800003,69.669266,1562537.0
2017-11-03,84.949997,85.050003,84.599998,84.699997,69.587112,1455869.0
2017-11-06,85.199997,85.300003,84.599998,84.849998,69.71035,1573301.0
2017-11-07,85.0,85.300003,84.849998,85.300003,70.08007,2211471.0
2017-11-08,85.199997,85.199997,84.949997,84.949997,69.792503,809880.0
2017-11-09,84.949997,85.050003,84.400002,84.400002,69.340637,1258299.0
2017-11-10,84.300003,84.550003,83.949997,84.550003,69.46389,923206.0
2017-11-13,84.25,84.400002,84.199997,84.300003,69.258492,979282.0
2017-11-14,84.300003,84.300003,83.949997,84.150002,69.135246,1015799.0
2017-11-15,83.800003,83.849998,83.150002,83.300003,68.436913,6070191.0
2017-11-16,83.300003,83.75,83.199997,83.599998,68.68338,2176812.0
2017-11-17,84.300003,84.449997,84.150002,84.349998,69.299561,7196119.0
2017-11-20,84.400002,84.449997,83.900002,84.0,69.012032,2301024.0
2017-11-21,83.900002,84.800003,83.900002,84.75,69.628189,4469688.0
2017-11-22,85.150002,85.599998,84.900002,85.150002,69.95681,4913723.0
2017-11-23,85.150002,85.349998,84.949997,85.199997,69.997894,1552051.0
2017-11-24,85.25,85.300003,84.949997,85.150002,69.95681,1068534.0
2017-11-27,85.150002,85.150002,84.099998,84.150002,69.135246,2127304.0
2017-11-28,83.949997,84.0,83.5,83.599998,68.68338,2007123.0
2017-11-29,83.650002,83.949997,83.550003,83.699997,68.765533,1381859.0
2017-11-30,83.0,83.0,82.25,82.25,67.574265,8038492.0
2017-12-01,82.150002,82.900002,81.650002,82.599998,67.861809,5620322.0
2017-12-04,82.650002,82.949997,82.349998,82.900002,68.108292,1503749.0
2017-12-05,82.550003,82.650002,82.199997,82.25,67.574265,1880132.0
2017-12-06,82.099998,82.099998,80.849998,80.849998,66.424065,13235403.0
2017-12-07,81.199997,81.25,80.449997,80.900002,66.465134,7309030.0
2017-12-08,81.5,81.5,80.650002,80.900002,66.465134,6280017.0
2017-12-11,81.199997,81.650002,81.199997,81.5,66.958084,2738995.0
2017-12-12,81.400002,81.5,80.550003,80.949997,66.506226,3940646.0
2017-12-13,81.099998,81.199997,80.900002,81.0,66.547302,1676999.0
2017-12-14,81.550003,82.0,81.349998,81.75,67.163483,2246280.0
2017-12-15,81.650002,81.650002,80.650002,81.099998,66.629448,4077161.0
2017-12-18,81.199997,81.25,80.849998,81.199997,66.711624,3842614.0
2017-12-19,81.199997,81.400002,80.699997,80.800003,66.382988,4095098.0
2017-12-20,80.800003,81.099998,80.75,81.050003,66.588379,4652274.0
2017-12-21,81.099998,81.349998,81.0,81.0,66.547302,1240823.0
2017-12-22,80.800003,81.349998,80.699997,81.300003,66.793762,1644841.0
2017-12-25,81.300003,81.550003,81.300003,81.449997,66.917007,1002933.0
2017-12-26,81.449997,81.449997,80.5,80.650002,66.25975,2578196.0
2017-12-27,80.599998,80.900002,80.550003,80.900002,66.465134,3600143.0
2017-12-28,81.25,81.75,81.25,81.699997,67.122398,3094816.0
2017-12-29,81.75,82.199997,81.75,82.150002,67.492104,4690296.0
2018-01-02,82.150002,82.599998,82.150002,82.599998,67.861809,3613199.0
2018-01-03,82.949997,83.449997,82.949997,83.349998,68.477997,7196437.0
2018-01-04,83.5,83.650002,83.199997,83.5,68.601234,5627565.0
2018-01-05,83.5,83.800003,83.300003,83.75,68.806618,7616796.0
2018-01-08,83.800003,84.150002,83.699997,84.099998,69.094154,5189611.0
2018-01-09,84.099998,84.25,83.900002,84.150002,69.135246,3664716.0
2018-01-10,84.099998,84.25,83.550003,83.75,68.806618,5749597.0
2018-01-11,83.650002,83.699997,83.099998,83.400002,68.519073,2579225.0
2018-01-12,83.550003,84.199997,83.5,84.099998,69.094154,2871193.0
2018-01-15,84.550003,84.699997,84.400002,84.650002,69.546036,2819852.0
2018-01-16,84.650002,85.0,84.5,85.0,69.833588,3955841.0
2018-01-17,84.650002,85.449997,84.650002,85.150002,69.95681,5698268.0
2018-01-18,85.5,86.550003,85.5,86.300003,70.901634,6898803.0
2018-01-19,86.349998,87.150002,86.349998,87.150002,71.599953,5302072.0
2018-01-22,87.150002,87.949997,87.150002,87.949997,72.257225,4441061.0
2018-01-23,88.050003,88.400002,87.900002,88.300003,72.544762,5799932.0
2018-01-24,88.0,88.0,86.849998,87.199997,71.641037,5103429.0
2018-01-25,87.25,88.300003,87.150002,87.449997,71.846428,4983684.0
2018-01-26,87.449997,87.599998,86.849998,87.5,71.887527,7774673.0
2018-01-29,85.5,86.150002,85.199997,85.550003,72.098198,6445797.0
2018-01-30,85.199997,85.349998,84.5,84.550003,71.255455,4966261.0
2018-01-31,84.400002,85.0,84.150002,84.650002,71.339722,4251739.0
2018-02-01,84.75,85.5,84.75,85.25,71.845383,2914539.0
2018-02-02,84.849998,85.150002,84.349998,84.900002,71.5504,3081592.0
2018-02-05,83.199997,83.75,82.900002,83.599998,70.454811,7075902.0
2018-02-06,80.849998,81.099998,78.800003,79.650002,67.125916,32222595.0
2018-02-07,81.349998,81.400002,80.599998,80.650002,67.968674,10181907.0
2018-02-08,80.650002,80.949997,80.300003,80.599998,67.926529,4514691.0
2018-02-09,78.599998,79.199997,78.0,79.050003,66.620262,16211237.0
2018-02-12,79.550003,79.900002,79.400002,79.699997,67.168053,8443795.0
2018-02-21,81.400002,81.699997,81.099998,81.5,68.68502,11646085.0
2018-02-22,81.5,81.5,80.75,81.0,68.263649,3749910.0
2018-02-23,81.400002,82.099998,81.400002,82.0,69.1064,3579316.0
2018-02-26,82.550003,82.800003,82.349998,82.400002,69.443512,3289207.0
2018-02-27,83.099998,83.199997,82.349998,82.349998,69.401367,7663746.0
2018-03-01,81.550003,81.949997,81.150002,81.75,68.895721,4344220.0
2018-03-02,80.849998,81.199997,80.449997,81.150002,68.390053,6262361.0
2018-03-05,81.099998,81.5,80.650002,80.75,68.052948,3723757.0
2018-03-06,81.650002,82.150002,81.599998,82.150002,69.232819,5532204.0
2018-03-07,81.75,82.449997,81.699997,81.800003,68.937851,2619161.0
2018-03-08,82.150002,82.800003,82.150002,82.75,69.738472,3232583.0
2018-03-09,82.900002,83.0,82.699997,82.849998,69.822746,2832064.0
2018-03-12,83.599998,84.25,83.550003,84.150002,70.918335,8752324.0
2018-03-13,84.349998,84.949997,84.300003,84.949997,71.592545,9837435.0
2018-03-14,84.349998,84.449997,84.0,84.300003,71.044754,3415928.0
2018-03-15,84.0,84.300003,83.900002,84.25,71.002594,3506898.0
2018-03-16,84.0,84.199997,83.099998,83.900002,70.707649,5510671.0
2018-03-19,83.650002,84.099998,83.449997,83.849998,70.665497,2035534.0
2018-03-20,83.199997,83.800003,83.199997,83.800003,70.623375,2895350.0
2018-03-21,83.800003,84.099998,83.599998,83.849998,70.665497,4891527.0
2018-03-22,84.0,84.599998,83.449997,83.550003,70.412689,3429925.0
2018-03-23,81.849998,82.400002,81.800003,82.099998,69.190674,8059738.0
2018-03-26,81.849998,82.199997,81.599998,82.199997,69.274948,4369122.0
2018-03-27,83.0,83.400002,82.949997,83.400002,70.286263,3277568.0
2018-03-28,82.900002,82.900002,82.199997,82.25,69.317085,4161192.0
2018-03-29,82.25,82.349998,81.800003,82.099998,69.190674,4099855.0
2018-03-30,82.650002,83.050003,82.650002,82.849998,69.822746,4994090.0
2018-04-02,82.849998,82.949997,82.150002,82.25,69.317085,3737299.0
2018-04-03,81.5,81.550003,81.199997,81.5,68.68502,6187523.0
2018-04-09,82.150002,82.300003,81.599998,82.199997,69.274948,3401430.0
2018-04-10,82.099998,82.849998,81.75,82.5,69.527794,3860497.0
2018-04-11,82.900002,83.099998,82.75,82.849998,69.822746,2603653.0
2018-04-12,83.050003,83.150002,82.25,82.5,69.527794,3591573.0
2018-04-13,82.699997,82.800003,82.300003,82.5,69.527794,2982732.0
2018-04-16,82.650002,82.650002,82.0,82.300003,69.35923,1809198.0
2018-04-17,82.400002,82.400002,81.349998,81.400002,68.600746,4325040.0
2018-04-18,81.599998,82.099998,81.349998,81.599998,68.769287,3739837.0
2018-04-19,81.900002,82.650002,81.900002,82.650002,69.654198,4461269.0
2018-04-20,81.0,81.099998,80.5,80.75,68.052948,9017715.0
2018-04-23,80.25,80.449997,79.900002,79.949997,67.378738,10624780.0
2018-04-24,79.900002,79.949997,79.050003,79.550003,67.041626,16867787.0
2018-04-25,79.25,79.300003,78.800003,79.300003,66.83094,16460997.0
2018-04-26,79.699997,79.699997,78.800003,79.050003,66.620262,16485778.0
2018-04-27,79.599998,79.650002,78.800003,79.199997,66.746666,12395611.0
2018-04-30,79.650002,80.150002,79.050003,80.0,67.420876,6516983.0
2018-05-02,80.050003,80.150002,79.400002,79.400002,66.915237,5513498.0
2018-05-03,79.050003,79.050003,78.349998,78.550003,66.198891,8823434.0
2018-05-04,78.550003,79.0,78.400002,78.949997,66.535988,3475423.0
2018-05-07,79.5,79.550003,78.800003,79.5,66.999496,3858382.0
2018-05-08,79.400002,80.050003,79.349998,80.0,67.420876,5352116.0
2018-05-09,80.0,80.550003,80.0,80.449997,67.800125,3359022.0
2018-05-10,80.699997,80.699997,80.449997,80.650002,67.968674,5977304.0
2018-05-11,81.099998,81.699997,81.050003,81.599998,68.769287,17654297.0
2018-05-14,82.0,82.599998,81.900002,82.5,69.527794,17197686.0
2018-05-15,82.349998,82.400002,81.650002,81.650002,68.811447,7222482.0
2018-05-16,81.449997,81.800003,81.400002,81.75,68.895721,8293601.0
2018-05-17,81.949997,82.0,81.199997,81.199997,68.432198,1940778.0
2018-05-18,81.199997,81.5,80.849998,80.949997,68.221512,2360712.0
2018-05-21,81.199997,82.099998,81.199997,82.050003,69.148544,3889661.0
2018-05-22,81.800003,82.300003,81.75,81.75,68.895721,1837449.0
2018-05-23,81.900002,82.0,81.300003,81.349998,68.558601,2124373.0
2018-05-24,81.349998,81.699997,81.25,81.550003,68.72715,1135324.0
2018-05-25,81.550003,82.050003,81.400002,81.849998,68.979988,3115748.0
2018-05-28,82.050003,82.25,82.0,82.199997,69.274948,2940383.0
2018-05-29,82.199997,82.199997,81.5,81.849998,68.979988,1388540.0
2018-05-30,81.400002,81.400002,80.300003,80.400002,67.757988,6177819.0
2018-05-31,80.800003,80.949997,80.550003,80.75,68.052948,1605922.0
2018-06-01,80.800003,81.449997,80.800003,81.349998,68.558601,1848694.0
2018-06-04,81.800003,82.599998,81.800003,82.599998,69.612045,7081064.0
2018-06-05,82.699997,82.699997,82.25,82.5,69.527794,2695921.0
2018-06-06,82.650002,83.349998,82.650002,83.300003,70.201996,6398322.0
2018-06-07,83.5,83.599998,83.0,83.449997,70.3284,6704318.0
2018-06-08,83.300003,83.300003,82.5,82.550003,69.569916,3469539.0
2018-06-11,82.800003,82.949997,82.400002,82.650002,69.654198,3264375.0
2018-06-12,82.25,82.5,81.949997,82.5,69.527794,2243224.0
2018-06-13,82.449997,83.099998,82.349998,83.0,69.949173,4668145.0
2018-06-14,82.5,82.550003,81.75,81.75,68.895721,3564268.0
2018-06-15,81.599998,81.949997,81.199997,81.949997,69.064262,3862122.0
2018-06-19,81.099998,81.199997,80.599998,80.599998,67.926529,4994238.0
2018-06-20,80.650002,81.699997,80.300003,81.5,68.68502,7866995.0
2018-06-21,81.5,81.599998,81.199997,81.25,68.474327,2134851.0
2018-06-22,80.800003,81.199997,80.349998,81.150002,68.390053,6482461.0
2018-06-25,80.849998,81.050003,80.699997,80.900002,68.179367,7993181.0
2018-06-26,80.699997,80.699997,80.0,80.699997,68.010811,16434141.0
2018-06-27,80.75,80.900002,80.300003,80.400002,67.757988,8308049.0
2018-06-28,80.050003,80.400002,79.800003,80.050003,67.46302,12064020.0
2018-06-29,80.300003,81.550003,80.199997,81.449997,68.642883,6584213.0
2018-07-02,81.5,81.900002,81.0,81.050003,68.305771,4175628.0
2018-07-03,81.300003,81.949997,80.599998,81.150002,68.390053,5023687.0
2018-07-04,81.150002,81.599998,81.099998,81.400002,68.600746,1746449.0
2018-07-05,81.449997,81.449997,80.599998,80.75,68.052948,3119082.0
2018-07-06,81.099998,81.150002,80.199997,80.949997,68.221512,5351492.0
2018-07-09,81.75,82.449997,81.550003,82.25,69.317085,9038778.0
2018-07-10,82.650002,82.800003,82.349998,82.449997,69.485641,4913802.0
2018-07-11,81.699997,81.900002,81.300003,81.699997,68.853577,3899069.0
2018-07-12,81.599998,82.650002,81.5,82.650002,69.654198,6882846.0
2018-07-13,83.0,83.400002,82.800003,83.349998,70.244133,13661779.0
2018-07-16,83.300003,83.449997,83.0,83.0,69.949173,5330432.0
2018-07-17,82.849998,82.849998,82.400002,82.550003,69.569916,2992751.0
2018-07-18,83.150002,83.5,82.949997,83.050003,69.991302,13174455.0
2018-07-19,83.099998,83.800003,83.050003,83.300003,70.201996,13217661.0
2018-07-20,84.0,84.699997,84.0,84.650002,71.339722,18403370.0
2018-07-23,84.300003,84.75,83.849998,84.550003,71.849594,8504472.0
2018-07-24,84.449997,84.699997,84.150002,84.699997,71.977066,5116814.0
2018-07-25,84.050003,84.849998,84.050003,84.75,72.019547,6352201.0
2018-07-26,84.75,85.25,84.75,85.0,72.231995,8471170.0
2018-07-27,85.099998,85.75,85.099998,85.699997,72.826851,5947118.0
2018-07-30,85.650002,85.900002,85.400002,85.550003,72.699394,3230410.0
2018-07-31,85.349998,85.699997,85.050003,85.550003,72.699394,2739663.0
2018-08-01,85.800003,86.199997,85.800003,86.150002,73.209251,4012507.0
2018-08-02,86.099998,86.150002,84.849998,84.849998,72.104538,4774950.0
2018-08-03,85.400002,85.699997,85.349998,85.550003,72.699394,1225166.0
2018-08-06,85.550003,86.099998,85.349998,85.699997,72.826851,2424671.0
2018-08-07,85.699997,85.800003,85.400002,85.5,72.656898,1199281.0
2018-08-08,85.800003,86.400002,85.800003,86.150002,73.209251,4074984.0
2018-08-09,86.099998,86.25,85.699997,86.150002,73.209251,1631789.0
2018-08-10,85.699997,86.150002,85.650002,85.699997,72.826851,1279917.0
2018-08-13,85.050003,85.050003,83.650002,83.949997,71.339722,7284934.0
2018-08-14,84.400002,84.599998,84.050003,84.550003,71.849594,2243205.0
2018-08-15,84.5,84.5,83.449997,83.75,71.169769,4279671.0
2018-08-16,83.25,84.099998,83.050003,83.800003,71.212265,4532542.0
2018-08-17,83.949997,84.150002,83.599998,83.650002,71.084785,4640039.0
2018-08-20,83.900002,84.099998,83.699997,83.949997,71.339722,3147996.0
2018-08-21,83.900002,84.650002,83.900002,84.550003,71.849594,5023058.0
2018-08-22,84.699997,84.849998,84.349998,84.650002,71.93457,3545768.0
2018-08-23,84.800003,85.199997,84.599998,85.050003,72.27449,3869236.0
2018-08-24,85.0,85.099998,84.449997,84.800003,72.062042,2549174.0
2018-08-27,85.0,85.550003,85.0,85.550003,72.699394,5018454.0
2018-08-28,85.949997,86.400002,85.949997,86.25,73.294228,8288078.0
2018-08-29,86.449997,87.349998,86.449997,87.25,74.144012,13383846.0
2018-08-30,87.800003,88.349998,87.449997,87.550003,74.398964,9894177.0
2018-08-31,87.0,87.0,86.449997,86.949997,73.889091,4245610.0
2018-09-03,86.949997,87.199997,86.400002,86.449997,73.464172,3667077.0
2018-09-04,86.800003,87.0,86.449997,87.0,73.931572,2357725.0
2018-09-05,87.0,87.300003,86.699997,87.0,73.931572,2496308.0
2018-09-06,86.900002,86.900002,86.199997,86.5,73.506676,1945889.0
2018-09-07,86.199997,86.449997,86.0,86.400002,73.4217,2505908.0
2018-09-10,86.599998,86.599998,85.650002,86.0,73.081787,5301281.0
2018-09-11,85.949997,86.0,85.400002,85.650002,72.784363,19525404.0
2018-09-12,85.849998,85.900002,85.25,85.550003,72.699394,18583973.0
2018-09-13,85.800003,85.800003,84.900002,84.949997,72.189499,20996200.0
2018-09-14,85.75,86.5,85.599998,86.5,73.506676,8616375.0
2018-09-17,86.5,86.5,85.699997,85.849998,72.954315,8988960.0
2018-09-18,85.599998,85.699997,85.199997,85.400002,72.571922,6140571.0
2018-09-19,85.800003,86.300003,85.699997,86.150002,73.209251,6881627.0
2018-09-20,86.449997,86.550003,85.800003,85.900002,72.996819,4159776.0
2018-09-21,86.25,86.849998,85.900002,86.849998,73.804092,7370439.0
2018-09-25,86.650002,87.150002,86.599998,87.099998,74.016556,7506252.0
2018-09-26,86.900002,87.0,86.75,86.900002,73.846596,8036503.0
2018-09-27,86.599998,87.449997,86.599998,87.349998,74.229004,27800036.0
2018-09-28,87.349998,87.650002,86.599998,86.900002,73.846596,13202371.0
2018-10-01,86.900002,87.400002,86.900002,87.349998,74.229004,5912234.0
2018-10-02,87.25,87.25,86.0,86.050003,73.124283,5434332.0
2018-10-03,86.050003,86.300003,85.800003,85.949997,73.039299,4369690.0
2018-10-04,85.699997,85.699997,84.800003,84.900002,72.147018,9736968.0
2018-10-05,84.5,84.5,83.0,83.449997,70.914833,26744096.0
2018-10-08,82.949997,83.400002,82.5,83.0,70.53241,46512204.0
2018-10-09,83.050003,83.400002,82.800003,83.25,70.744865,20530897.0
2018-10-11,80.150002,80.150002,77.349998,77.400002,65.773605,68551624.0
2018-10-12,77.699997,80.050003,77.5,80.050003,68.025551,23183282.0
2018-10-15,79.5,79.5,78.650002,79.199997,67.303207,49238658.0
2018-10-16,79.0,79.5,78.599998,79.300003,67.388222,16676645.0
2018-10-17,80.449997,80.5,79.349998,79.400002,67.47319,20305037.0
2018-10-18,79.5,79.75,78.949997,79.150002,67.260742,7973282.0
2018-10-19,78.199997,79.300003,78.0,79.300003,67.388222,12064036.0
2018-10-22,78.349998,79.550003,78.0,79.199997,67.303207,12453453.0
2018-10-23,78.099998,78.599998,77.699997,77.75,66.071037,24898392.0
2018-10-24,77.800003,77.949997,76.699997,77.400002,65.773605,13002500.0
2018-10-25,75.5,76.199997,75.300003,75.5,64.159004,28935886.0
2018-10-26,76.25,76.449997,74.5,75.400002,64.07402,17783781.0
2018-10-29,75.849998,76.099998,75.349998,75.75,64.371445,9883260.0
2018-10-30,75.800003,76.25,75.5,75.949997,64.541405,6115050.0
2018-10-31,76.599998,77.550003,76.599998,77.550003,65.90107,9888224.0
2018-11-01,77.849998,78.449997,77.550003,78.400002,66.623398,6797294.0
2018-11-02,78.400002,78.800003,78.0,78.650002,66.835846,6707329.0
2018-11-05,78.099998,78.25,77.599998,78.25,66.495926,4620750.0
2018-11-06,78.449997,78.5,77.75,78.0,66.283478,6184482.0
2018-11-07,78.199997,78.550003,78.050003,78.400002,66.623398,6185750.0
2018-11-08,79.150002,79.400002,78.5,78.849998,67.005798,10263985.0
2018-11-09,78.5,78.5,77.650002,77.800003,66.113525,36836011.0
2018-11-12,77.75,78.300003,77.550003,78.0,66.283478,6128260.0
2018-11-13,76.150002,77.25,75.699997,77.099998,65.518677,10705869.0
2018-11-14,77.25,77.400002,77.0,77.349998,65.731125,6286375.0
2018-11-15,77.5,77.650002,76.75,77.599998,65.943558,5684368.0
2018-11-16,77.949997,77.949997,76.849998,76.949997,65.391197,8877904.0
2018-11-19,77.050003,77.150002,76.599998,76.699997,65.178749,7055370.0
2018-11-20,76.400002,76.5,75.75,76.0,64.583908,8601123.0
2018-11-21,75.300003,76.050003,74.849998,76.0,64.583908,15123043.0
2018-11-22,76.099998,76.25,75.599998,75.599998,64.243988,5932803.0
2018-11-23,75.699997,75.849998,75.050003,75.349998,64.03154,4032215.0
2018-11-26,75.900002,76.949997,75.75,76.150002,64.711372,6321267.0
2018-11-27,75.949997,76.050003,75.199997,76.050003,64.626396,7613933.0
2018-11-28,76.150002,76.949997,75.75,76.900002,65.348717,7530760.0
2018-11-29,77.699997,77.949997,77.050003,77.050003,65.476181,8875587.0
2018-11-30,77.199997,77.349998,76.75,76.75,65.221252,4209211.0
2018-12-03,77.849998,79.0,77.800003,78.800003,66.96331,13841986.0
2018-12-04,78.5,78.5,78.099998,78.25,66.495926,4079284.0
2018-12-05,77.099998,77.199997,76.650002,76.650002,65.136253,9632366.0
2018-12-06,75.849998,75.849998,74.849998,75.099998,63.819092,20325421.0
2018-12-07,75.599998,75.75,75.300003,75.449997,64.116516,6777008.0
2018-12-10,74.5,74.900002,74.449997,74.449997,63.26672,13010284.0
2018-12-11,74.5,75.099998,74.449997,75.050003,63.7766,5308228.0
2018-12-12,75.650002,76.25,75.400002,76.199997,64.753845,8664695.0
2018-12-13,76.199997,76.5,75.949997,76.300003,64.838852,6237580.0
2018-12-14,75.800003,75.800003,74.949997,75.349998,64.03154,8761839.0
2018-12-17,75.349998,76.050003,75.150002,75.949997,64.541405,5638433.0
2018-12-18,75.5,75.550003,75.050003,75.300003,63.989063,7655001.0
2018-12-19,75.5,75.949997,75.349998,75.900002,64.498924,4493460.0
2018-12-20,75.0,75.550003,75.0,75.050003,63.7766,9557713.0
2018-12-21,74.949997,75.25,74.449997,75.199997,63.904083,8465143.0
2018-12-24,74.849998,75.0,74.550003,74.699997,63.479168,5952329.0
2018-12-25,74.150002,74.150002,73.300003,73.75,62.671871,12071254.0
2018-12-26,74.0,74.300003,73.5,73.550003,62.501926,8919969.0
2018-12-27,74.800003,75.150002,74.5,75.050003,63.7766,9615359.0
2018-12-28,75.099998,75.5,74.849998,75.5,64.159004,4629875.0
2019-01-02,75.849998,75.900002,73.949997,74.050003,62.926819,8532073.0
2019-01-03,73.800003,74.0,73.25,73.349998,62.331955,13347147.0
2019-01-04,72.800003,72.800003,72.0,72.199997,61.354698,21292465.0
2019-01-07,73.550003,74.050003,73.25,73.949997,62.841835,14605638.0
2019-01-08,74.150002,74.150002,73.550003,73.650002,62.586903,11006700.0
2019-01-09,73.949997,75.150002,73.949997,75.0,63.734112,11430523.0
2019-01-10,74.800003,74.900002,74.5,74.800003,63.564167,2823283.0
2019-01-11,75.300003,75.75,75.150002,75.5,64.159004,10362915.0
2019-01-14,75.449997,75.449997,74.75,75.0,63.734112,5298405.0
2019-01-15,75.050003,75.800003,75.050003,75.650002,64.286484,11836450.0
2019-01-16,75.650002,75.699997,75.349998,75.550003,64.201508,15342503.0
2019-01-17,75.599998,75.900002,75.150002,75.550003,64.201508,10020739.0
2019-01-18,75.75,76.099998,75.400002,75.949997,64.541405,8293491.0
2019-01-21,76.349998,76.699997,76.25,76.5,65.008797,10254756.0
2019-01-22,74.400002,74.400002,73.800003,74.050003,64.877388,8838931.0
2019-01-23,74.0,74.0,73.650002,73.699997,64.570724,6407442.0
2019-01-24,73.949997,74.150002,73.75,74.050003,64.877388,3500506.0
2019-01-25,74.599998,75.099998,74.550003,75.0,65.709702,7320778.0
2019-01-28,75.150002,75.449997,75.050003,75.150002,65.841118,3825143.0
2019-01-29,74.5,74.550003,74.199997,74.5,65.271629,4419790.0
2019-01-30,74.5,74.650002,74.199997,74.349998,65.140228,5255229.0
2019-02-11,75.349998,75.650002,74.849998,75.150002,65.841118,6614900.0
2019-02-12,75.349998,75.75,75.349998,75.650002,66.27919,6164150.0
2019-02-13,75.949997,75.949997,75.400002,75.5,66.147758,4157700.0
2019-02-14,75.5,75.75,75.25,75.25,65.928741,3641542.0
2019-02-15,75.300003,75.599998,74.900002,75.050003,65.753502,3516111.0
2019-02-18,75.5,75.900002,75.5,75.650002,66.27919,6596163.0
2019-02-19,75.699997,75.699997,75.5,75.5,66.147758,2862069.0
2019-02-20,75.900002,76.5,75.900002,76.349998,66.892471,34307853.0
2019-02-21,76.400002,77.099998,76.400002,77.099998,67.549576,18664815.0
2019-02-22,76.949997,76.949997,76.5,76.949997,67.418152,9881017.0
2019-02-25,77.349998,77.75,77.300003,77.5,67.900024,19365354.0
2019-02-26,77.650002,77.800003,77.300003,77.699997,68.075249,15903051.0
2019-02-27,77.699997,77.699997,77.349998,77.650002,68.031448,12907489.0
2019-03-04,77.550003,77.550003,76.699997,76.949997,67.418152,8469570.0
2019-03-05,76.599998,76.900002,76.449997,76.75,67.242935,9400493.0
2019-03-06,76.849998,77.050003,76.75,76.949997,67.418152,19579792.0
2019-03-07,76.900002,77.050003,76.599998,76.650002,67.155304,18239770.0
2019-03-08,76.199997,76.349998,75.800003,76.0,66.585838,9975200.0
2019-03-11,75.849998,76.150002,75.699997,76.150002,66.717247,4642390.0
2019-03-12,76.849998,77.449997,76.800003,77.25,67.680984,13857468.0
2019-03-13,77.050003,77.199997,76.800003,77.099998,67.549576,10148529.0
2019-03-14,77.300003,77.400002,76.949997,77.050003,67.505768,5208756.0
2019-03-15,77.349998,77.699997,77.150002,77.599998,67.987633,11483751.0
2019-03-18,77.75,78.099998,77.650002,78.099998,68.425705,12218708.0
2019-03-19,78.099998,78.400002,77.849998,78.400002,68.688545,8604296.0
2019-03-20,78.349998,78.550003,78.199997,78.5,68.776161,11856027.0
2019-03-21,78.800003,79.150002,78.650002,79.150002,69.345642,11341213.0
2019-03-22,79.5,79.699997,79.050003,79.349998,69.520859,6930357.0
2019-03-25,78.099998,78.349998,78.0,78.150002,68.469505,7020756.0
2019-03-26,78.5,78.699997,78.400002,78.650002,68.907578,2700090.0
2019-03-27,78.449997,78.699997,78.199997,78.5,68.776161,2555684.0
2019-03-28,78.300003,78.599998,78.150002,78.5,68.776161,3415432.0
2019-03-29,78.699997,79.150002,78.25,79.150002,69.345642,5680484.0
2019-04-01,80.0,80.400002,79.599998,79.849998,69.958931,11053405.0
2019-04-02,80.099998,80.449997,80.099998,80.150002,70.221771,5605092.0
2019-04-03,80.400002,80.449997,79.949997,80.150002,70.221771,6867174.0
2019-04-08,80.800003,81.0,80.699997,80.900002,70.878876,7990782.0
2019-04-09,80.949997,81.400002,80.849998,81.400002,71.31694,15272047.0
2019-04-10,81.099998,81.550003,81.099998,81.5,71.404541,10863161.0
2019-04-11,81.349998,81.550003,80.900002,81.150002,71.097893,8272430.0
2019-04-12,81.150002,81.300003,81.0,81.099998,71.054092,7498409.0
2019-04-15,81.650002,82.0,81.550003,81.849998,71.711189,7681554.0
2019-04-16,81.849998,82.150002,81.800003,82.099998,71.930214,7767931.0
2019-04-17,82.300003,82.900002,82.300003,82.75,72.499702,23104837.0
2019-04-18,82.900002,83.349998,82.449997,82.699997,72.455894,20690365.0
2019-04-19,83.25,83.5,82.699997,82.800003,72.54351,12515659.0
2019-04-22,83.0,83.099998,82.650002,82.699997,72.455894,2874312.0
2019-04-23,82.699997,83.199997,82.550003,83.050003,72.762558,6012031.0
2019-04-24,83.400002,83.550003,82.900002,83.199997,72.893951,3108556.0
2019-04-25,83.099998,83.449997,83.0,83.400002,73.069199,3529039.0
2019-04-26,82.800003,82.800003,82.199997,82.449997,72.236862,3815090.0
2019-04-29,82.599998,82.949997,82.5,82.800003,72.54351,3161957.0
2019-04-30,82.800003,82.900002,82.400002,82.800003,72.54351,3247891.0
2019-05-02,82.949997,83.449997,82.900002,83.0,72.718727,6155563.0
2019-05-03,83.099998,83.800003,83.099998,83.75,73.375839,30324466.0
2019-05-06,82.599998,82.599998,82.050003,82.300003,72.105453,7463612.0
2019-05-07,82.650002,83.300003,82.650002,83.150002,72.850159,14011442.0
2019-05-08,82.400002,82.849998,82.25,82.550003,72.324478,13573142.0
2019-05-09,82.150002,82.199997,81.25,81.550003,71.448349,6923673.0
2019-05-10,81.550003,82.150002,80.900002,81.5,71.404541,11794135.0
2019-05-13,81.099998,81.099998,80.099998,80.150002,70.221771,18678106.0
2019-05-14,79.599998,80.050003,78.900002,79.650002,69.783707,20279630.0
2019-05-15,79.650002,80.0,79.449997,79.75,69.871323,17261839.0
2019-05-16,79.5,79.599998,79.0,79.050003,69.258018,17099974.0
2019-05-17,79.5,79.550003,78.25,78.25,68.557121,23573826.0
2019-05-20,78.5,78.800003,78.150002,78.199997,68.513321,14304763.0
2019-05-21,78.0,78.449997,77.699997,78.400002,68.688545,19814843.0
2019-05-22,78.199997,78.650002,78.099998,78.400002,68.688545,10557991.0
2019-05-23,77.849998,77.849998,76.849998,76.949997,67.418152,25682577.0
2019-05-24,77.050003,77.5,77.0,77.349998,67.768616,6029424.0
2019-05-27,77.5,77.5,76.849998,77.150002,67.593376,11541072.0
2019-05-28,77.25,77.25,76.849998,77.099998,67.549576,9812310.0
2019-05-29,76.5,76.800003,76.300003,76.75,67.242935,9659519.0
2019-05-30,76.75,77.5,76.75,77.400002,67.812408,7658659.0
2019-05-31,77.349998,78.449997,77.300003,78.449997,68.732338,7566310.0
2019-06-03,78.199997,78.650002,77.650002,78.550003,68.819969,6017694.0
2019-06-04,78.449997,78.599998,78.0,78.050003,68.381905,7228829.0
2019-06-05,78.849998,78.949997,78.25,78.300003,68.600922,7051894.0
2019-06-06,77.699997,77.849998,77.449997,77.699997,68.075249,7456203.0
2019-06-10,78.650002,79.050003,78.349998,79.050003,69.258018,7666763.0
2019-06-11,79.199997,79.800003,79.050003,79.400002,69.564674,10623986.0
2019-06-12,79.400002,79.800003,79.25,79.699997,69.827492,9258296.0
2019-06-13,79.400002,79.550003,78.949997,79.050003,69.258018,5914941.0
2019-06-14,79.0,79.150002,78.800003,78.900002,69.126602,3164087.0
2019-06-17,78.449997,78.949997,78.099998,78.699997,68.95137,6141128.0
2019-06-18,78.800003,79.0,78.599998,78.900002,69.126602,2890377.0
2019-06-19,80.0,80.800003,79.949997,80.75,70.747444,21832509.0
2019-06-20,80.75,81.0,80.650002,80.849998,70.83506,11581994.0
2019-06-21,81.099998,81.199997,80.800003,80.849998,70.83506,15343532.0
2019-06-24,80.800003,81.5,80.699997,81.199997,71.141693,16600747.0
2019-06-25,81.150002,81.400002,80.599998,80.75,70.747444,7941128.0
2019-06-26,80.599998,80.599998,80.25,80.349998,70.396988,5913352.0
2019-06-27,80.550003,81.599998,80.550003,81.5,71.404541,15351329.0
2019-06-28,81.449997,81.550003,80.849998,80.900002,70.878876,3940686.0
2019-07-01,82.050003,82.800003,82.050003,82.650002,72.412094,13771395.0
2019-07-02,82.650002,82.699997,82.400002,82.449997,72.236862,5209290.0
2019-07-03,82.349998,82.349998,81.349998,81.5,71.404541,8615424.0
2019-07-04,81.800003,82.199997,81.800003,82.0,71.842613,5777556.0
2019-07-05,82.099998,82.349998,81.800003,81.900002,71.75499,1612933.0
2019-07-08,81.800003,82.0,81.400002,81.599998,71.492149,3859058.0
2019-07-09,81.75,81.75,81.400002,81.5,71.404541,4083155.0
2019-07-10,81.949997,82.25,81.849998,82.199997,72.01783,4427730.0
2019-07-11,82.650002,83.050003,82.5,82.849998,72.587318,10379773.0
2019-07-12,82.849998,83.0,82.699997,82.75,72.499702,2972505.0
2019-07-15,82.849998,83.349998,82.25,83.199997,72.893951,9336043.0
2019-07-16,83.199997,83.449997,83.150002,83.349998,73.025375,5503245.0
2019-07-17,83.25,83.25,82.800003,82.800003,72.54351,10598530.0
2019-07-18,82.599998,82.949997,82.599998,82.699997,72.455894,7541026.0
2019-07-19,83.0,83.449997,83.0,83.0,73.3395,9780922.0
2019-07-22,83.099998,83.5,83.099998,83.400002,73.692947,8368544.0
2019-07-23,83.599998,83.900002,83.5,83.599998,73.869667,5899116.0
2019-07-24,83.75,83.900002,83.550003,83.550003,73.8255,3364336.0
2019-07-25,83.550003,83.800003,83.400002,83.800003,74.046387,4931659.0
2019-07-26,83.400002,83.400002,83.199997,83.25,73.560417,3129687.0
2019-07-29,83.099998,83.449997,83.050003,83.449997,73.737137,3042246.0
2019-07-30,83.599998,83.699997,83.199997,83.199997,73.51622,2083374.0
2019-07-31,83.150002,83.150002,82.449997,82.800003,73.162788,3119262.0
2019-08-01,82.199997,82.550003,82.099998,82.300003,72.720978,5042943.0
2019-08-02,81.050003,81.199997,80.599998,80.949997,71.528091,16846402.0
2019-08-05,80.699997,80.849998,79.900002,80.150002,70.821213,20659506.0
2019-08-06,78.650002,80.449997,78.5,80.099998,70.777039,24901846.0
2019-08-07,80.150002,80.199997,79.550003,79.699997,70.423584,16856004.0
2019-08-08,80.050003,80.800003,80.0,80.650002,71.263023,5036121.0
2019-08-12,80.650002,80.849998,80.150002,80.599998,71.218849,3168030.0
2019-08-13,80.150002,80.150002,79.550003,79.699997,70.423584,7431519.0
2019-08-14,80.699997,80.800003,80.300003,80.300003,70.953766,7382138.0
2019-08-15,79.199997,79.599998,79.099998,79.400002,70.158524,15972089.0
2019-08-16,79.449997,80.349998,79.25,80.349998,70.997932,6158748.0
2019-08-19,80.75,80.900002,80.300003,80.800003,71.395569,6475352.0
2019-08-20,80.849998,81.099998,80.800003,81.0,71.572281,4179197.0
2019-08-21,80.949997,81.150002,80.900002,81.099998,71.660652,6092896.0
2019-08-22,81.300003,81.650002,80.800003,80.900002,71.483932,9379398.0
2019-08-23,80.900002,81.099998,80.75,81.0,71.572281,3211036.0
2019-08-26,79.800003,80.099998,79.599998,79.650002,70.379425,12292310.0
2019-08-27,80.150002,80.199997,79.75,79.849998,70.556145,2535864.0
2019-08-28,80.099998,80.550003,80.099998,80.400002,71.04213,3318188.0
2019-08-29,80.449997,80.599998,80.0,80.550003,71.174667,3233649.0
2019-08-30,81.150002,81.900002,81.150002,81.849998,72.323357,19370894.0
2019-09-02,81.800003,82.0,81.650002,81.900002,72.367538,6457870.0
2019-09-03,81.849998,82.0,81.199997,81.199997,71.749008,5052925.0
2019-09-04,81.449997,82.199997,81.400002,82.150002,72.58844,10748771.0
2019-09-05,82.550003,83.199997,82.550003,83.0,73.3395,25429390.0
2019-09-06,83.25,83.550003,83.25,83.5,73.781311,17226303.0
2019-09-10,83.949997,83.949997,83.199997,83.400002,73.692947,5171847.0
2019-09-11,83.75,83.900002,83.300003,83.449997,73.737137,4746200.0
2019-09-12,84.099998,84.25,83.75,83.900002,74.134758,9281122.0
2019-09-16,84.0,84.449997,83.949997,84.400002,74.576561,10929792.0
2019-09-17,84.400002,84.449997,84.199997,84.25,74.444016,4966780.0
2019-09-18,84.400002,85.0,84.349998,84.949997,75.062538,16999486.0
2019-09-19,84.949997,85.150002,84.400002,84.449997,74.620728,7777364.0
2019-09-20,84.650002,84.900002,84.650002,84.699997,74.841637,8231699.0
2019-09-23,84.650002,84.849998,84.5,84.5,74.664932,4369839.0
2019-09-24,84.5,84.849998,84.349998,84.650002,74.797462,4852012.0
2019-09-25,84.349998,84.349998,83.900002,84.099998,74.31147,3927674.0
2019-09-26,84.449997,84.699997,84.150002,84.300003,74.488205,5194687.0
2019-09-27,84.900002,85.199997,84.5,84.599998,74.753281,8884695.0
2019-10-01,84.800003,86.0,84.800003,85.949997,75.946152,9116908.0
2019-10-02,85.599998,85.900002,85.599998,85.650002,75.681076,5653658.0
2019-10-03,84.400002,85.099998,84.300003,84.800003,74.930008,4868237.0
2019-10-04,85.199997,85.400002,84.75,85.150002,75.239258,3746987.0
2019-10-07,85.400002,85.650002,85.199997,85.449997,75.504349,4140747.0
2019-10-08,85.849998,86.599998,85.849998,86.5,76.432129,12195435.0
2019-10-09,86.150002,86.199997,85.800003,85.800003,75.813614,6916829.0
2019-10-14,87.0,87.550003,87.0,87.550003,77.359932,9491298.0
2019-10-15,87.550003,87.849998,87.300003,87.699997,77.49247,4377610.0
2019-10-16,88.0,88.150002,87.849998,88.099998,77.845909,3983672.0
2019-10-17,88.050003,88.150002,87.800003,88.150002,77.890091,2540883.0
2019-10-18,88.150002,88.650002,87.900002,87.949997,77.713364,2815798.0
2019-10-21,87.949997,88.0,87.75,87.849998,77.625,1077652.0
2019-10-22,88.199997,88.800003,88.199997,88.699997,78.376076,3256399.0
2019-10-23,88.699997,88.800003,88.300003,88.449997,78.155167,2580656.0
2019-10-24,88.699997,88.800003,88.5,88.800003,78.464439,2579559.0
2019-10-25,89.199997,89.199997,88.599998,88.800003,78.464439,7971190.0
2019-10-28,89.25,89.300003,89.0,89.199997,78.817871,5009774.0
2019-10-29,89.5,89.650002,89.349998,89.449997,79.038773,7410985.0
2019-10-30,89.449997,89.849998,89.300003,89.849998,79.392235,5384270.0
2019-10-31,89.900002,90.599998,89.900002,90.099998,79.613129,9458164.0
2019-11-01,90.0,90.199997,89.75,90.099998,79.613129,2806778.0
2019-11-04,90.550003,92.25,90.550003,92.199997,81.468704,6730681.0
2019-11-05,92.400002,92.900002,92.349998,92.900002,82.087242,3966279.0
2019-11-06,92.949997,93.349998,92.75,93.349998,82.484856,4494319.0
2019-11-07,93.199997,93.199997,92.349998,92.849998,82.043045,3050118.0
2019-11-08,93.0,93.050003,92.400002,92.550003,81.777969,2890536.0
2019-11-11,92.400002,92.449997,91.050003,91.150002,80.540924,5859344.0
2019-11-12,91.550003,92.0,91.550003,92.0,81.291985,2426297.0
2019-11-13,91.550003,91.650002,91.050003,91.449997,80.806,1935545.0
2019-11-14,91.599998,91.800003,91.199997,91.400002,80.761818,2174281.0
2019-11-15,92.0,92.5,92.0,92.300003,81.55706,2510879.0
2019-11-18,92.5,92.900002,92.400002,92.900002,82.087242,2087613.0
2019-11-19,92.900002,93.599998,92.650002,93.599998,82.705757,2821624.0
2019-11-20,93.599998,93.599998,93.099998,93.25,82.3965,7954619.0
2019-11-21,92.300003,92.550003,91.800003,92.5,81.733795,3283838.0
2019-11-22,92.550003,92.75,92.400002,92.550003,81.777969,1506544.0
2019-11-25,93.0,93.099998,92.550003,92.599998,81.822144,2520694.0
2019-11-26,92.949997,93.300003,92.800003,92.849998,82.043045,3827480.0
2019-11-27,92.849998,93.199997,92.75,93.199997,82.352303,1957676.0
2019-11-28,93.25,93.25,92.800003,92.949997,82.131424,1352720.0
2019-11-29,92.849998,92.849998,91.449997,91.5,80.850166,5344208.0
2019-12-02,91.949997,92.150002,91.75,92.050003,81.336174,2068341.0
2019-12-03,91.699997,92.199997,91.599998,92.050003,81.336174,1410794.0
2019-12-04,91.849998,91.900002,91.400002,91.699997,81.026894,2310508.0
2019-12-05,92.349998,93.0,92.199997,92.900002,82.087242,3441050.0
2019-12-06,93.300003,93.5,92.75,93.050003,82.219772,3394433.0
2019-12-09,93.199997,93.800003,93.199997,93.650002,82.749939,2912194.0
2019-12-10,93.400002,93.400002,92.800003,93.0,82.175583,5295431.0
2019-12-11,93.0,93.75,92.949997,93.75,82.838303,1936772.0
2019-12-12,94.349998,96.099998,94.349998,95.849998,84.693871,8420111.0
2019-12-13,96.75,97.400002,96.699997,96.900002,85.621666,5880136.0
2019-12-16,96.949997,97.050003,96.650002,96.849998,85.577484,70448.0
2019-12-17,96.75,98.150002,96.699997,98.150002,86.726181,4703223.0
2019-12-18,98.0,98.300003,97.800003,98.199997,86.770348,3762355.0
2019-12-19,98.150002,98.199997,97.550003,97.650002,86.284378,2271007.0
2019-12-20,97.550003,97.550003,96.699997,96.949997,85.665833,3353485.0
2019-12-23,97.0,97.300003,96.949997,97.150002,85.842567,3416729.0
2019-12-24,97.300003,97.449997,97.199997,97.199997,85.886742,1409728.0
2019-12-25,97.199997,97.449997,97.050003,97.349998,86.019279,1789167.0
2019-12-26,97.550003,97.550003,97.099998,97.349998,86.019279,3095969.0
2019-12-27,97.599998,98.150002,97.599998,98.0,86.593628,2978047.0
2019-12-30,98.0,98.25,97.599998,97.800003,86.416908,3138762.0
2019-12-31,97.099998,97.199997,96.949997,96.949997,85.665833,4303947.0
2020-01-02,97.050003,98.0,97.050003,97.650002,86.284378,4882015.0
2020-01-03,98.300003,98.699997,97.0,97.650002,86.284378,6813547.0
2020-01-06,97.050003,97.099998,96.400002,96.400002,85.179863,9321768.0
2020-01-07,96.449997,96.699997,95.400002,96.099998,84.91478,6328602.0
2020-01-08,95.199997,96.199997,95.050003,95.650002,84.517159,8516995.0
2020-01-09,96.300003,97.099998,96.300003,96.949997,85.665833,7163943.0
2020-01-10,97.5,97.800003,96.949997,97.300003,85.975105,9071925.0
2020-01-13,97.849998,98.099998,97.5,98.0,86.593628,6650898.0
2020-01-14,98.5,98.849998,98.400002,98.599998,87.123802,11544956.0
2020-01-15,98.699997,98.699997,97.449997,97.599998,86.240189,10259354.0
2020-01-16,97.150002,97.5,97.0,97.300003,85.975105,8686499.0
2020-01-17,97.699997,97.75,97.099998,97.300003,85.975105,8121134.0
2020-01-20,97.550003,98.0,97.550003,97.699997,86.328552,6969945.0
2020-01-30,95.0,95.0,92.150002,92.150002,81.42453,32262874.0
2020-01-31,90.650002,90.650002,89.650002,89.949997,82.063148,22497767.0
2020-02-03,88.5,89.150002,87.599998,89.050003,81.242058,15823593.0
2020-02-04,96.949997,96.949997,90.599998,90.599998,82.656158,8904471.0
2020-02-05,91.0,91.300003,90.300003,90.849998,82.884232,6701508.0
2020-02-06,91.650002,92.300003,91.349998,92.300003,84.2071,10696477.0
2020-02-07,91.650002,91.650002,90.949997,91.199997,83.203545,9554828.0
2020-02-10,90.0,91.199997,89.599998,91.0,83.021072,7308908.0
2020-02-11,91.349998,91.949997,91.349998,91.75,83.705322,5115402.0
2020-02-12,92.0,92.900002,92.0,92.650002,84.526413,5640117.0
2020-02-13,93.0,93.25,92.699997,92.800003,84.663261,5754317.0
2020-02-14,92.800003,93.25,92.550003,92.949997,84.80011,4988165.0
2020-02-17,92.300003,92.550003,91.949997,92.300003,84.2071,6266211.0
2020-02-18,91.400002,91.599998,91.0,91.050003,83.066696,12529356.0
2020-02-19,91.150002,92.25,91.050003,92.099998,84.02462,7947011.0
2020-02-20,92.349998,92.5,91.349998,91.699997,83.659698,6538336.0
2020-02-21,91.650002,91.949997,90.949997,91.25,83.249161,5401188.0
2020-02-24,90.25,90.400002,89.699997,90.099998,82.200005,13571936.0
2020-02-25,89.5,90.5,89.449997,90.349998,82.42807,8840104.0
2020-02-26,89.150002,89.75,88.900002,89.449997,81.606987,15081003.0
2020-02-27,89.349998,89.5,88.349998,88.650002,80.877129,24688054.0
2020-03-02,87.5,88.25,86.849998,87.349998,79.691116,27894641.0
2020-03-03,88.849998,88.949997,88.25,88.599998,80.831512,11071900.0
2020-03-04,88.800003,89.199997,88.400002,89.199997,81.378906,8437415.0
2020-03-05,89.800003,90.25,89.75,90.199997,82.291222,9785483.0
2020-03-06,89.650002,89.650002,88.300003,88.349998,80.603439,17096376.0
2020-03-09,86.800003,86.800003,85.599998,85.849998,78.322639,27734426.0
2020-03-10,85.0,86.300003,84.900002,86.300003,78.733185,23784345.0
2020-03-11,86.449997,86.550003,85.050003,85.300003,77.820869,15306570.0
2020-03-12,84.5,84.5,81.150002,82.150002,74.94706,44910246.0
2020-03-13,78.0,81.400002,75.949997,81.0,73.897881,53704860.0
2020-03-16,80.0,80.400002,76.949997,77.300003,70.522301,33813951.0
2020-03-17,74.300003,76.699997,74.300003,74.849998,68.287117,51145832.0
2020-03-18,74.949997,75.25,72.800003,72.800003,66.416878,46790503.0
2020-03-19,71.0,71.0,67.25,68.550003,62.539516,68038340.0
2020-03-20,71.0,74.0,70.900002,74.0,67.511642,40910533.0
2020-03-23,71.0,72.099998,69.550003,70.800003,64.592224,22465117.0
2020-03-24,73.849998,75.300003,73.699997,74.25,67.739723,26756843.0
2020-03-25,76.800003,77.449997,76.099998,76.849998,70.111755,32687820.0
2020-03-26,77.400002,77.449997,76.0,77.199997,70.431076,19215688.0
2020-03-27,78.300003,78.699997,76.449997,76.599998,69.883675,21953901.0
2020-03-30,74.699997,76.150002,74.050003,75.849998,69.199448,13605883.0
2020-03-31,76.800003,77.199997,75.599998,76.150002,69.473129,9764000.0
2020-04-01,76.5,76.650002,75.849998,75.900002,69.245064,9948017.0
2020-04-06,76.949997,77.099998,75.75,77.050003,70.294228,12207626.0
2020-04-07,78.5,78.900002,78.050003,78.5,71.617088,15302038.0
2020-04-08,78.5,79.699997,78.349998,79.599998,72.620644,15230698.0
2020-04-09,79.849998,80.099998,78.849998,79.25,72.301331,15650105.0
2020-04-10,79.0,79.349998,78.699997,79.300003,72.346954,5824779.0
2020-04-13,79.0,79.400002,78.550003,78.800003,71.890785,7430914.0
2020-04-14,79.050003,80.949997,79.050003,80.949997,73.852257,13121792.0
2020-04-15,81.25,81.5,81.0,81.199997,74.080353,17361116.0
2020-04-16,80.199997,81.099998,80.050003,80.800003,73.715416,12409525.0
2020-04-17,83.0,84.0,82.699997,83.25,75.950615,34532038.0
2020-04-20,83.25,83.5,82.800003,83.0,75.722527,12336416.0
2020-04-21,82.650002,82.650002,80.5,80.599998,73.532951,21082454.0
2020-04-22,80.0,80.599998,79.5,80.599998,73.532951,10896151.0
2020-04-23,81.150002,82.0,80.300003,80.900002,73.806664,13298948.0
2020-04-24,80.800003,81.0,80.449997,80.900002,73.806664,5764752.0
2020-04-27,82.150002,82.599998,81.650002,82.550003,75.311996,13917724.0
2020-04-28,82.900002,82.900002,82.0,82.550003,75.311996,7556661.0
2020-04-29,83.050003,83.900002,82.949997,83.699997,76.361145,11874079.0
2020-04-30,84.449997,85.5,84.400002,85.5,78.003326,18785156.0
2020-05-04,82.400002,83.300003,82.199997,83.0,75.722527,15648380.0
2020-05-05,83.5,83.800003,83.0,83.400002,76.087463,7810636.0
2020-05-06,83.300003,83.75,82.599998,83.5,76.178688,6142593.0
2020-05-07,83.5,84.150002,83.300003,83.849998,76.497993,6140995.0
2020-05-08,84.599998,84.75,84.0,84.349998,76.954155,6034013.0
2020-05-11,85.0,85.400002,84.699997,85.050003,77.592789,6655422.0
2020-05-12,84.599998,84.599998,83.650002,84.050003,76.680466,11549365.0
2020-05-13,83.699997,84.400002,83.599998,84.300003,76.908546,4967165.0
2020-05-14,83.800003,83.849998,83.199997,83.300003,75.996231,8743268.0
2020-05-15,84.050003,84.25,83.050003,83.849998,76.497993,6190781.0
2020-05-18,83.050003,83.449997,82.800003,83.150002,75.859375,8271703.0
2020-05-19,84.400002,84.5,83.650002,83.900002,76.543617,5477775.0
2020-05-20,84.0,84.199997,83.5,83.800003,76.452377,9894141.0
2020-05-21,84.150002,84.800003,84.099998,84.5,77.091011,7568047.0
2020-05-22,83.800003,83.900002,82.900002,82.949997,75.676903,13354146.0
2020-05-25,83.150002,83.5,82.150002,83.5,76.178688,5250544.0
2020-05-26,84.25,84.650002,83.849998,84.449997,77.04538,15454949.0
2020-05-27,84.699997,84.849998,84.050003,84.349998,76.954155,4589767.0
2020-05-28,84.900002,84.900002,83.550003,83.849998,76.497993,7476909.0
2020-05-29,83.400002,84.449997,83.0,84.449997,77.04538,5320690.0
2020-06-01,84.449997,85.150002,84.400002,84.900002,77.455925,8365321.0
2020-06-02,85.0,85.5,85.0,85.300003,77.820869,11947060.0
2020-06-03,86.150002,86.900002,86.099998,86.800003,79.189354,18117244.0
2020-06-04,87.5,87.75,87.150002,87.599998,79.919189,15036553.0
2020-06-05,87.699997,88.349998,87.699997,88.349998,80.603439,9916582.0
2020-06-08,88.900002,89.800003,88.800003,89.5,81.652603,15549542.0
2020-06-09,89.599998,89.800003,88.949997,89.599998,81.743835,11356579.0
2020-06-10,89.650002,90.699997,89.550003,90.449997,82.51931,10998897.0
2020-06-11,90.449997,90.849998,89.0,89.050003,81.242058,14179192.0
2020-06-12,87.25,88.5,87.099998,88.25,80.512207,21563371.0
2020-06-15,88.099998,88.300003,86.900002,87.0,79.371811,9573700.0
2020-06-16,88.150002,89.199997,88.150002,88.900002,81.105217,10841047.0
2020-06-17,89.199997,89.199997,88.300003,89.0,81.196449,11510236.0
2020-06-18,89.050003,89.300003,88.349998,88.900002,81.105217,5035751.0
2020-06-19,89.0,89.150002,88.650002,88.849998,81.059593,2333985.0
2020-06-22,88.849998,89.699997,88.849998,89.050003,81.242058,10579456.0
2020-06-23,89.599998,90.050003,88.800003,89.449997,81.606987,8664889.0
2020-06-24,89.800003,90.5,89.800003,90.0,82.108772,10061904.0
2020-06-29,89.25,89.599998,88.650002,89.099998,81.287682,9785007.0
2020-06-30,89.550003,89.949997,89.400002,89.900002,82.017525,8035137.0
2020-07-01,89.949997,90.900002,89.949997,90.5,82.564919,9979250.0
2020-07-02,90.650002,91.5,90.599998,91.5,83.477242,7601474.0
2020-07-03,92.099998,92.75,92.099998,92.550003,84.435173,14983163.0
2020-07-06,93.199997,94.300003,93.199997,94.150002,85.89489,14469339.0
2020-07-07,95.0,95.5,94.099998,94.5,86.214203,13927773.0
2020-07-08,94.5,95.400002,94.400002,95.150002,86.807198,11145368.0
2020-07-09,95.699997,95.849998,95.150002,95.449997,87.08091,7241657.0
2020-07-10,95.550003,95.699997,94.599998,94.650002,86.351051,11502554.0
2020-07-13,95.400002,96.099998,95.25,96.050003,87.628296,12054512.0
2020-07-14,95.800003,96.650002,95.699997,96.650002,88.175697,13480664.0
2020-07-15,97.300003,97.949997,96.699997,97.050003,88.540627,21315724.0
2020-07-16,97.0,97.0,95.849998,96.099998,87.673912,7632129.0
2020-07-17,97.050003,97.699997,96.699997,97.199997,88.677452,18010470.0
2020-07-20,97.199997,97.349998,96.25,97.050003,88.540627,9486407.0
2020-07-21,97.150002,99.099998,97.099998,98.699997,90.700134,24740975.0
2020-07-22,98.550003,99.25,98.349998,98.949997,90.929878,7243893.0
2020-07-23,98.849998,98.900002,98.099998,98.849998,90.837982,6008972.0
2020-07-24,99.0,100.099998,98.25,98.5,90.516357,17377622.0
2020-07-27,101.800003,103.550003,101.800003,103.300003,94.927307,22874174.0
2020-07-28,107.25,108.699997,103.300003,103.599998,95.202988,22422761.0
2020-07-29,102.800003,103.800003,102.099998,102.550003,94.238091,9636665.0
2020-07-30,104.199997,105.0,103.300003,104.050003,95.616516,6587085.0
2020-07-31,103.900002,104.300003,103.449997,103.800003,95.38678,5314021.0
2020-08-03,103.449997,103.5,102.0,102.0,93.732674,7258914.0
2020-08-04,102.550003,103.349998,102.550003,103.300003,94.927307,4798147.0
2020-08-05,104.099998,104.5,103.75,104.300003,95.846245,5106381.0
2020-08-06,105.449997,105.949997,104.849998,105.400002,96.857094,7430095.0
2020-08-07,105.550003,105.550003,104.300003,104.650002,96.167877,6803730.0
2020-08-10,104.099998,105.849998,104.099998,105.599998,97.040886,5905752.0
2020-08-11,105.400002,105.650002,104.75,104.800003,96.305717,3199141.0
2020-08-12,104.0,104.0,103.0,103.25,94.881348,5916723.0
2020-08-13,104.699997,104.900002,104.050003,104.25,95.800308,5461251.0
2020-08-14,103.800003,104.5,103.5,104.5,96.030037,3779950.0
2020-08-17,104.5,105.699997,104.25,105.599998,97.040886,5641660.0
2020-08-18,105.699997,105.900002,104.650002,105.0,96.489517,3745611.0
2020-08-19,105.0,105.449997,104.099998,104.25,95.800308,6043314.0
2020-08-20,103.800003,103.800003,98.699997,100.599998,92.446144,18738215.0
2020-08-21,102.150002,103.0,101.699997,102.800003,94.467834,8132713.0
2020-08-24,102.849998,103.550003,102.300003,103.099998,94.743507,3718559.0
2020-08-25,103.449997,104.349998,103.349998,103.900002,95.478668,3609809.0
2020-08-26,104.0,104.349998,103.599998,104.300003,95.846245,2665520.0
2020-08-27,105.099998,105.699997,104.449997,104.550003,96.075989,5706106.0
2020-08-28,103.849998,104.25,103.0,103.5,95.111092,3913299.0
2020-08-31,104.099998,104.25,101.800003,101.800003,93.548874,5759933.0
2020-09-01,102.449997,103.349998,101.849998,103.349998,94.973244,5735637.0
2020-09-02,103.650002,104.050003,102.300003,103.0,94.651619,4133083.0
2020-09-03,103.699997,104.300003,103.199997,103.300003,94.927307,5129198.0
2020-09-04,102.0,102.699997,101.900002,102.550003,94.238091,5916012.0
2020-09-07,102.550003,103.050003,101.900002,102.400002,94.100243,5499657.0
2020-09-08,102.75,103.099998,102.449997,103.0,94.651619,4504453.0
2020-09-09,101.75,102.349998,101.150002,102.300003,94.008354,6274033.0
2020-09-10,102.800003,103.349998,102.599998,103.199997,94.835396,3581337.0
2020-09-11,103.199997,103.349998,102.800003,103.25,94.881348,2905291.0
2020-09-14,103.5,104.550003,103.25,104.550003,96.075989,5753474.0
2020-09-15,104.449997,105.199997,104.25,104.949997,96.443558,5438768.0
2020-09-16,106.550003,107.0,106.349998,106.550003,97.913879,14855265.0
2020-09-17,106.050003,106.349998,105.099998,105.400002,96.857094,8748846.0
2020-09-18,105.400002,105.699997,104.849998,105.300003,96.765198,4951719.0
2020-09-21,105.199997,105.900002,104.349998,104.449997,95.984085,5709735.0
2020-09-22,104.300003,104.300003,102.949997,103.099998,94.743507,6636055.0
2020-09-23,103.5,103.5,102.400002,102.949997,94.605675,5362100.0
2020-09-24,101.550003,101.800003,100.25,100.449997,92.308296,15784773.0
2020-09-25,100.75,101.449997,100.050003,100.650002,92.492096,9498930.0
2020-09-28,101.349998,102.300003,101.0,102.300003,94.008354,6026880.0
2020-09-29,102.75,103.25,102.150002,102.550003,94.238091,3759262.0
2020-09-30,102.75,103.449997,102.599998,103.0,94.651619,3545485.0
2020-10-05,103.449997,104.050003,103.0,103.050003,94.697571,5912599.0
2020-10-06,104.0,104.349998,103.849998,104.25,95.800308,6875260.0
2020-10-07,104.0,105.0,103.5,104.800003,96.305717,4011139.0
2020-10-08,105.449997,106.349998,105.300003,106.199997,97.592255,13470899.0
2020-10-12,106.699997,107.699997,106.699997,107.050003,98.37336,9837999.0
2020-10-13,107.349998,107.599998,106.199997,107.099998,98.419304,5410614.0
2020-10-14,107.050003,107.199997,106.449997,106.699997,98.05172,2562860.0
2020-10-15,106.5,106.5,105.099998,105.699997,97.132774,4550154.0
2020-10-16,105.699997,106.300003,105.099998,105.25,96.719254,3239005.0
2020-10-19,105.650002,106.599998,105.599998,106.599998,97.959824,3459323.0
2020-10-20,106.400002,106.449997,106.0,106.0,97.408463,1414032.0
2020-10-21,106.0,106.550003,105.650002,105.949997,97.362511,7299387.0
2020-10-22,105.699997,106.099998,105.5,106.099998,97.500351,2158260.0
2020-10-23,106.5,106.650002,105.650002,106.099998,97.500351,3205830.0
2020-10-26,106.099998,106.599998,105.800003,106.099998,97.500351,2849390.0
2020-10-27,105.75,105.75,105.150002,105.5,96.948997,3350269.0
2020-10-28,105.5,105.5,104.800003,105.0,96.489517,4669830.0
2020-10-29,104.0,104.099998,103.25,103.849998,95.432716,6954385.0
2020-10-30,103.550003,103.599998,102.699997,103.0,94.651619,6432187.0
2020-11-02,103.150002,103.449997,102.300003,103.400002,95.019196,10063314.0
2020-11-03,104.199997,104.849998,104.050003,104.599998,96.121941,4385320.0
2020-11-04,105.0,106.199997,104.699997,106.150002,97.546303,5009968.0
2020-11-05,106.199997,106.400002,105.550003,106.050003,97.454414,4268304.0
2020-11-06,106.349998,107.050003,106.300003,106.699997,98.05172,6237894.0
2020-11-09,107.75,108.400002,107.25,108.099998,99.338257,11280644.0
2020-11-10,108.0,108.0,106.800003,107.099998,98.419304,4350611.0
2020-11-11,107.099998,108.75,107.099998,108.75,99.935562,8517576.0
2020-11-12,109.0,109.400002,108.699997,108.800003,99.981514,3803422.0
2020-11-13,108.599998,109.300003,108.449997,109.25,100.395042,3761797.0
2020-11-16,110.400002,112.800003,110.400002,112.800003,103.65731,9229598.0
2020-11-17,115.0,115.75,113.400002,113.599998,104.392456,8137011.0
2020-11-18,113.599998,114.949997,113.150002,114.349998,105.081673,19639154.0
2020-11-19,114.449997,114.550003,113.800003,114.150002,104.897888,4409033.0
2020-11-20,114.150002,114.150002,113.349998,114.0,104.76004,4708386.0
2020-11-23,114.650002,115.849998,114.650002,115.449997,106.092514,5697921.0
2020-11-24,115.949997,115.949997,114.75,114.900002,105.587097,6002898.0
2020-11-25,115.699997,115.699997,113.900002,113.949997,104.714081,4028700.0
2020-11-26,114.050003,115.0,114.050003,114.849998,105.541145,2499715.0
2020-11-27,114.5,114.849998,114.099998,114.650002,105.357361,5220065.0
2020-11-30,114.800003,115.150002,113.300003,113.300003,104.116783,9337378.0
2020-12-01,113.800003,114.300003,113.349998,114.300003,105.035728,4998172.0
2020-12-02,115.0,115.550003,114.5,115.400002,106.04657,6048212.0
2020-12-03,115.449997,116.099998,115.0,115.400002,106.04657,5881587.0
2020-12-04,115.900002,117.449997,115.900002,117.300003,107.79258,12221419.0
2020-12-07,118.5,118.75,117.5,118.400002,108.803421,6706098.0
2020-12-08,118.449997,120.050003,117.949997,120.050003,110.319672,6265118.0
2020-12-09,120.0,120.199997,119.5,120.050003,110.319672,6132633.0
2020-12-10,119.150002,119.150002,118.050003,118.599998,108.987198,8064913.0
2020-12-11,118.800003,119.150002,117.25,118.75,109.125046,4616737.0
2020-12-14,118.650002,118.650002,118.0,118.25,108.665565,2376954.0
2020-12-15,117.949997,118.0,116.75,117.050003,107.562843,9382318.0
2020-12-16,117.900002,119.300003,117.849998,119.25,109.584518,13297482.0
2020-12-17,119.150002,119.150002,118.0,118.599998,108.987198,2904661.0
2020-12-18,118.550003,118.699997,118.0,118.199997,108.619621,2490885.0
2020-12-21,118.25,119.400002,117.5,119.349998,109.676407,4307516.0
2020-12-22,119.050003,119.5,117.849998,118.0,108.435837,5711169.0
2020-12-23,117.849998,118.300003,117.5,118.150002,108.573677,4170537.0
2020-12-24,118.400002,118.849998,118.199997,118.800003,109.17099,2451140.0
2020-12-25,119.099998,119.599998,118.599998,118.949997,109.30883,2801317.0
2020-12-28,119.050003,120.0,119.050003,120.0,110.273727,3407442.0
2020-12-29,120.050003,120.199997,119.349998,119.900002,110.181831,3093979.0
2020-12-30,120.0,121.599998,119.900002,121.599998,111.744049,5368204.0
2020-12-31,122.150002,122.400002,121.699997,122.25,112.341362,5741338.0
2021-01-04,122.199997,124.5,122.0,124.349998,114.271149,6140797.0
2021-01-05,124.199997,124.650002,123.75,124.599998,114.500885,4731570.0
2021-01-06,126.099998,127.150002,124.099998,125.949997,115.741463,10587073.0
2021-01-07,126.550003,129.0,126.550003,128.899994,118.452362,6691163.0
2021-01-08,130.600006,131.25,129.550003,131.199997,120.565941,12990245.0
2021-01-11,131.199997,132.300003,130.5,132.300003,121.576797,10145856.0
2021-01-12,132.300003,133.149994,131.600006,132.100006,121.393013,10874362.0
2021-01-13,132.75,135.449997,132.699997,135.300003,124.333649,10688901.0
2021-01-14,135.0,135.050003,133.350006,134.050003,123.184952,12000449.0
2021-01-15,137.149994,138.0,134.399994,134.5,123.598473,21523977.0
2021-01-18,134.600006,134.949997,132.100006,134.399994,123.506569,14202770.0
2021-01-19,135.199997,138.100006,135.199997,137.949997,126.768845,12069311.0
2021-01-20,138.100006,139.5,137.649994,138.199997,126.998558,29965436.0
2021-01-21,138.399994,143.25,138.350006,143.0,131.409515,13672387.0
2021-01-22,138.199997,139.0,135.0,137.449997,129.062088,23767813.0
2021-01-25,137.199997,137.300003,134.199997,135.600006,127.324989,13750626.0
2021-01-26,135.550003,136.600006,131.800003,132.850006,124.742805,14376477.0
2021-01-27,133.300003,134.399994,132.25,133.050003,124.930611,7854841.0
2021-01-28,130.0,131.300003,129.399994,130.350006,122.395378,14503801.0
2021-01-29,131.600006,131.850006,128.199997,128.199997,120.376572,14039666.0
2021-02-01,128.199997,130.949997,127.550003,130.75,122.770958,14132983.0
2021-02-02,132.5,135.050003,132.5,134.449997,126.245155,10888373.0
2021-02-03,135.449997,135.5,134.199997,134.350006,126.151268,7081970.0
2021-02-04,133.399994,134.550003,132.350006,133.550003,125.400101,6558479.0
2021-02-05,134.800003,136.300003,134.199997,134.800003,126.573807,8799751.0
2021-02-17,139.0,140.850006,139.0,140.550003,131.972916,18905696.0
2021-02-18,140.550003,141.25,139.600006,140.350006,131.785126,10478048.0
2021-02-19,139.550003,139.550003,137.600006,138.850006,130.376663,8776596.0
2021-02-22,139.800003,140.75,138.75,138.800003,130.329697,6813636.0
2021-02-23,137.149994,138.699997,136.449997,138.5,130.048019,7657431.0
2021-02-24,137.0,138.199997,136.25,136.449997,128.123108,10485561.0
2021-02-25,137.850006,138.149994,136.699997,137.550003,129.155991,10182298.0
2021-02-26,134.649994,135.199997,133.300003,133.399994,125.259239,26333709.0
2021-03-02,135.5,135.649994,133.449997,133.449997,125.306198,7126570.0
2021-03-03,133.75,135.399994,132.699997,135.399994,127.137184,8378094.0
2021-03-04,134.350006,134.350006,131.699997,132.75,124.648911,16588263.0
2021-03-05,130.050003,132.600006,129.5,131.949997,123.897736,14153461.0
2021-03-08,133.75,133.800003,131.5,131.850006,123.803825,12052602.0
2021-03-09,130.550003,131.600006,129.75,131.350006,123.334358,13273932.0
2021-03-10,132.300003,132.600006,131.399994,131.899994,123.850769,5338478.0
2021-03-11,132.050003,134.949997,132.050003,134.699997,126.479904,9165793.0
2021-03-12,135.25,135.649994,134.5,135.25,126.996353,5528044.0
2021-03-15,135.25,135.25,134.449997,134.899994,126.667702,3679531.0
2021-03-16,135.449997,135.649994,134.75,135.350006,127.090256,6719125.0
2021-03-17,135.350006,135.399994,134.0,134.199997,126.010422,6645656.0
2021-03-18,135.100006,136.050003,134.800003,134.899994,126.667702,6904704.0
2021-03-19,133.449997,133.5,132.300003,132.800003,124.695862,9925322.0
2021-03-22,132.399994,133.600006,131.600006,133.399994,125.259239,5306034.0
2021-03-23,133.899994,134.699997,133.600006,133.600006,125.447037,6866901.0
2021-03-24,131.800003,132.449997,131.300003,131.5,123.475189,10243129.0
2021-03-25,131.100006,132.550003,130.600006,131.949997,123.897736,4885017.0
2021-03-26,133.050003,134.399994,132.550003,134.350006,126.151268,7969939.0
2021-03-29,135.199997,135.899994,135.050003,135.449997,127.184143,8065834.0
2021-03-30,135.800003,135.949997,135.199997,135.899994,127.606674,4763248.0
2021-03-31,135.800003,135.800003,134.600006,134.75,126.526855,7603312.0
2021-04-01,135.699997,136.050003,135.199997,135.75,127.46582,7223316.0
2021-04-07,137.699997,137.949997,137.149994,137.800003,129.390762,4279389.0
2021-04-08,137.350006,138.25,136.649994,138.25,129.813263,6198567.0
2021-04-09,138.850006,138.899994,137.649994,137.949997,129.531586,3593685.0
2021-04-12,138.050003,138.399994,136.649994,137.149994,128.78038,5896559.0
2021-04-13,137.199997,138.800003,137.0,137.149994,128.78038,5587824.0
2021-04-14,137.350006,137.899994,136.050003,137.899994,129.484619,6375510.0
2021-04-15,138.050003,139.050003,137.600006,139.050003,130.564453,7532196.0
2021-04-16,138.899994,139.25,138.399994,139.25,130.752258,11179356.0
2021-04-19,139.25,139.75,138.649994,139.5,130.986984,7999270.0
2021-04-20,138.850006,139.550003,138.800003,139.25,130.752258,4751499.0
2021-04-21,138.949997,138.949997,138.0,138.0,129.578537,7815415.0
2021-04-22,138.550003,139.050003,137.699997,137.899994,129.484619,3961169.0
2021-04-23,137.899994,139.149994,137.399994,139.149994,130.65834,5959639.0
2021-04-26,140.0,141.350006,139.899994,141.199997,132.583252,11873924.0
2021-04-27,141.199997,141.699997,140.800003,141.25,132.630188,6587615.0
2021-04-28,141.25,141.25,140.199997,140.399994,131.832047,2961783.0
2021-04-29,141.0,142.0,140.600006,140.600006,132.019882,8848543.0
2021-05-03,140.399994,140.399994,138.100006,138.25,129.813263,6721674.0
2021-05-04,138.25,138.350006,135.0,137.050003,128.686508,13287337.0
2021-05-05,137.050003,137.300003,135.699997,135.75,127.46582,8780886.0
2021-05-06,136.300003,137.5,135.5,136.949997,128.59259,7977513.0
2021-05-07,138.149994,139.449997,137.949997,139.399994,130.893097,6971841.0
2021-05-10,139.5,139.5,138.100006,138.449997,130.001053,4286348.0
2021-05-11,135.75,135.800003,132.600006,133.25,125.118401,25371817.0
2021-05-12,132.899994,132.899994,121.199997,129.399994,121.503334,38462474.0
2021-05-13,126.25,130.0,125.0,127.5,119.719292,27143151.0
2021-05-14,128.5,130.25,127.849998,128.949997,121.080803,15214683.0
2021-05-17,125.199997,128.800003,124.699997,126.5,118.780312,31603624.0
2021-05-18,128.350006,132.300003,128.0,132.300003,124.226387,16272929.0
2021-05-19,132.199997,132.649994,130.5,131.399994,123.381302,16920497.0
2021-05-20,131.350006,131.399994,129.699997,130.5,122.536217,9509619.0
2021-05-21,132.5,133.850006,131.300003,132.350006,124.273323,10091030.0
2021-05-24,131.550003,132.649994,131.149994,132.149994,124.085526,10224544.0
2021-05-25,132.899994,134.649994,132.899994,134.399994,126.198212,9091243.0
2021-05-26,134.850006,135.149994,133.949997,134.5,126.292114,5138589.0
2021-05-27,133.5,133.699997,132.350006,133.550003,125.400101,5656101.0
2021-05-28,134.899994,135.899994,134.300003,135.800003,127.512779,9546007.0
2021-05-31,135.800003,137.550003,135.800003,137.100006,128.733459,10360378.0
2021-06-01,137.199997,138.100006,137.199997,137.699997,129.296829,5559980.0
2021-06-02,137.800003,138.0,136.649994,137.699997,129.296829,4944067.0
2021-06-03,137.949997,138.449997,137.5,137.600006,129.202942,4974864.0
2021-06-04,137.0,137.0,136.300003,136.949997,128.59259,3107580.0
2021-06-07,137.199997,137.399994,134.649994,137.300003,128.921234,10744604.0
2021-06-08,137.300003,137.5,136.5,136.5,128.170059,2893600.0
2021-06-09,136.300003,136.300003,135.050003,135.5,127.231087,5990426.0
2021-06-10,136.0,137.850006,135.800003,137.600006,129.202942,6760279.0
2021-06-11,138.100006,138.5,137.850006,138.100006,129.67244,3280759.0
2021-06-15,138.600006,139.0,138.399994,138.850006,130.376663,3960456.0
2021-06-16,138.699997,138.949997,138.149994,138.699997,130.235809,7212112.0
2021-06-17,137.800003,138.300003,137.149994,138.300003,129.860214,3176151.0
2021-06-18,138.850006,138.850006,137.949997,138.0,129.578537,2141578.0
2021-06-21,136.899994,137.0,134.600006,134.699997,126.479904,15692991.0
2021-06-22,135.600006,136.050003,134.5,134.850006,126.620766,5779196.0
2021-06-23,135.0,137.149994,134.800003,137.050003,128.686508,6388548.0
2021-06-24,137.050003,137.25,136.449997,136.699997,128.357864,6177821.0
2021-06-25,137.449997,137.949997,136.699997,136.949997,128.59259,6468464.0
2021-06-28,137.0,137.5,136.5,137.199997,128.827332,3981057.0
2021-06-29,137.899994,138.699997,137.300003,137.600006,129.202942,8986905.0
2021-06-30,138.100006,139.350006,138.050003,138.949997,130.470551,9434672.0
2021-07-01,139.0,139.199997,138.050003,138.300003,129.860214,4508775.0
2021-07-02,138.300003,138.5,137.899994,138.300003,129.860214,4710427.0
2021-07-05,138.75,140.0,138.75,139.600006,131.080887,7604565.0
2021-07-06,139.850006,140.050003,139.449997,139.75,131.221725,6395338.0
2021-07-07,139.600006,139.649994,138.600006,139.0,130.517502,6587378.0
2021-07-08,139.149994,139.5,138.199997,138.850006,130.376663,3942710.0
2021-07-09,137.899994,137.899994,136.949997,137.75,129.343796,6736596.0
2021-07-12,139.050003,140.050003,138.550003,139.0,130.517502,13551810.0
2021-07-13,140.0,141.0,139.949997,140.149994,131.597321,13685209.0
2021-07-14,140.199997,141.100006,140.149994,140.5,131.925964,9455679.0
2021-07-15,140.949997,141.850006,140.800003,141.800003,133.146637,12072582.0
2021-07-16,139.800003,140.0,139.050003,139.899994,131.362564,9250384.0
2021-07-19,139.0,139.199997,137.550003,138.300003,129.860214,10450510.0
2021-07-20,137.800003,138.300003,137.050003,137.199997,128.827332,7860923.0
2021-07-21,138.0,138.0,136.100006,136.699997,128.686142,12693914.0
2021-07-22,137.800003,138.550003,137.25,137.649994,129.580444,6101349.0
2021-07-23,138.050003,138.300003,137.350006,137.649994,129.580444,3093560.0
2021-07-26,137.75,138.050003,136.25,136.449997,128.45079,11587727.0
2021-07-27,136.5,137.050003,136.050003,136.399994,128.403732,10316297.0
2021-07-28,136.100006,136.100006,133.75,134.25,126.379761,30057749.0
2021-07-29,135.850006,136.600006,135.25,136.5,128.497864,10714159.0
2021-07-30,136.600006,136.600006,136.0,136.050003,128.074265,3868018.0
2021-08-02,137.0,138.0,136.050003,137.899994,129.815781,7222519.0
2021-08-03,137.949997,138.449997,137.699997,138.449997,130.333542,6080238.0
2021-08-04,138.649994,139.300003,138.449997,139.25,131.08667,5431124.0
2021-08-05,139.25,139.449997,138.850006,139.0,130.851303,5643302.0
2021-08-06,138.899994,139.0,137.800003,138.800003,130.663025,3920479.0
2021-08-09,138.199997,138.550003,136.699997,138.399994,130.286469,5037066.0
2021-08-10,138.449997,138.5,137.5,137.649994,129.580444,2475776.0
2021-08-11,137.350006,137.649994,136.600006,137.199997,129.156815,3615029.0
2021-08-12,137.199997,137.25,136.5,136.949997,128.921478,2234527.0
2021-08-13,136.600006,136.850006,135.550003,135.649994,127.697693,7179861.0
2021-08-16,135.5,135.75,134.899994,135.350006,127.415291,10708994.0
2021-08-17,135.399994,135.5,134.300003,134.350006,126.473907,13009487.0
2021-08-18,133.600006,134.949997,132.449997,134.899994,126.991661,21462399.0
2021-08-19,134.5,134.5,131.600006,131.800003,124.073387,26396251.0
2021-08-20,132.199997,132.800003,130.199997,130.75,123.084953,15662364.0
2021-08-23,132.25,134.449997,132.149994,134.350006,126.473907,5886402.0
2021-08-24,135.199997,135.350006,134.600006,134.75,126.850456,4949101.0
2021-08-25,135.149994,136.100006,135.149994,136.050003,128.074265,6850909.0
2021-08-26,137.449997,138.0,136.350006,137.0,128.968552,7087424.0
2021-08-27,136.699997,138.5,136.449997,138.149994,130.051132,16516958.0
2021-08-30,138.649994,139.5,138.449997,139.5,131.321991,21353656.0
2021-08-31,139.399994,140.350006,138.100006,140.350006,132.122177,16125054.0
2021-09-01,140.149994,141.300003,140.050003,141.0,132.73407,18222818.0
2021-09-02,140.899994,141.399994,139.899994,139.899994,131.698532,6979466.0
2021-09-03,140.649994,142.100006,140.449997,141.899994,133.581299,11084173.0
2021-09-06,141.899994,143.5,141.600006,142.550003,134.193176,13835835.0
2021-09-07,142.800003,142.800003,141.449997,141.899994,133.581299,8211141.0
2021-09-08,141.75,142.0,139.949997,140.649994,132.404572,6978986.0
2021-09-09,139.649994,141.0,139.300003,140.300003,132.075104,3062573.0
2021-09-10,140.699997,142.100006,140.5,141.949997,133.628372,2982436.0
2021-09-13,141.850006,141.850006,141.149994,141.449997,133.157669,3234821.0
2021-09-14,141.850006,142.199997,141.350006,141.600006,133.298889,2409391.0
2021-09-15,141.300003,141.449997,140.399994,140.75,132.498718,11993148.0
2021-09-16,140.800003,141.0,139.75,140.100006,131.88681,8012128.0
2021-09-17,140.100006,141.050003,139.5,140.5,132.263367,3764091.0
2021-09-22,137.100006,137.600006,136.300003,137.199997,129.156815,23906619.0
2021-09-23,138.0,138.5,137.600006,138.0,129.909943,5737608.0
2021-09-24,138.800003,139.649994,138.699997,139.649994,131.463196,6182224.0
2021-09-27,139.850006,140.350006,139.199997,140.0,131.792694,11729123.0
2021-09-28,139.25,139.350006,138.25,139.0,130.851303,17700506.0
2021-09-29,136.899994,136.899994,135.449997,136.0,128.027176,29709656.0
2021-09-30,136.300003,137.100006,135.199997,137.050003,129.015625,16592539.0
2021-10-01,136.300003,136.300003,133.649994,133.949997,126.097351,27092483.0
2021-10-04,134.699997,134.800003,132.850006,133.149994,125.344246,23254905.0
2021-10-05,132.0,133.0,130.899994,132.949997,125.155975,26965302.0
2021-10-06,134.0,134.0,132.0,133.0,125.203049,22038093.0
2021-10-07,134.050003,135.600006,133.949997,135.350006,127.415291,13566717.0
2021-10-08,135.649994,135.649994,133.949997,134.199997,126.332703,7701389.0
2021-10-12,132.699997,133.149994,131.600006,132.850006,125.061844,11027513.0
2021-10-13,133.399994,133.600006,132.149994,132.399994,124.638222,5433166.0
2021-10-14,133.5,133.699997,132.5,132.75,124.967705,3254619.0
2021-10-15,134.649994,136.350006,134.300003,136.25,128.262527,13403173.0
2021-10-18,136.699997,136.899994,135.600006,135.850006,127.885971,5291519.0
2021-10-19,136.199997,137.25,136.050003,136.949997,128.921478,8469894.0
2021-10-20,137.050003,137.300003,136.449997,136.600006,128.59201,14516056.0
2021-10-21,136.699997,137.800003,136.100006,136.100006,128.121323,13050164.0
2021-10-22,136.25,136.75,135.649994,136.5,128.497864,5187356.0
2021-10-25,136.0,136.699997,135.199997,136.399994,128.403732,7340396.0
2021-10-26,136.649994,137.75,136.600006,137.550003,129.486313,10502981.0
2021-10-27,136.949997,137.550003,136.699997,137.550003,129.486313,7387585.0
2021-10-28,137.449997,137.649994,136.600006,137.149994,129.109741,4443894.0
2021-10-29,137.050003,137.050003,135.350006,135.800003,127.838898,4945836.0
2021-11-01,136.199997,136.75,136.199997,136.5,128.497864,3018463.0
2021-11-02,136.800003,137.649994,136.149994,136.25,128.262527,3982577.0
2021-11-03,136.399994,137.0,136.399994,136.600006,128.59201,2323882.0
2021-11-04,137.25,137.5,136.149994,136.149994,128.168365,2509320.0
2021-11-05,137.100006,138.199997,136.800003,138.100006,130.004089,11245002.0
2021-11-08,138.199997,139.199997,138.199997,139.199997,131.039581,7386798.0
2021-11-09,140.149994,141.199997,140.100006,140.699997,132.45166,12275930.0
2021-11-10,140.649994,140.649994,140.0,140.5,132.263367,5350938.0
2021-11-11,139.100006,139.75,138.800003,139.25,131.08667,4437497.0
2021-11-12,139.899994,140.800003,139.5,139.699997,131.510269,5693822.0
2021-11-15,140.550003,141.25,140.550003,140.949997,132.686981,6479705.0
2021-11-16,140.949997,141.449997,140.800003,141.199997,132.922333,5741784.0
2021-11-17,141.300003,141.699997,141.149994,141.649994,133.345947,20300537.0
2021-11-18,141.75,142.550003,141.649994,142.449997,134.09906,5844210.0
2021-11-19,143.5,143.550003,142.649994,142.800003,134.428543,5956344.0
2021-11-22,142.699997,142.899994,142.399994,142.449997,134.09906,3705622.0
2021-11-23,142.0,142.0,141.050003,141.100006,132.828186,4487976.0
2021-11-24,141.100006,141.149994,140.149994,140.5,132.263367,3044157.0
2021-11-25,140.5,140.899994,140.0,140.449997,132.216309,2477401.0
2021-11-26,139.550003,139.850006,137.949997,138.149994,130.051132,11661980.0
2021-11-29,137.600006,138.800003,137.5,138.149994,130.051132,11163915.0
2021-11-30,138.800003,139.600006,137.850006,138.0,129.909943,10275739.0
2021-12-01,138.100006,140.5,138.050003,140.300003,132.075104,4176069.0
2021-12-02,140.100006,141.949997,139.699997,141.800003,133.487167,8884299.0
2021-12-03,141.949997,142.149994,141.100006,141.75,133.440109,4832630.0
2021-12-06,140.699997,141.899994,140.0,141.350006,133.063553,3854617.0
2021-12-07,141.350006,141.800003,140.350006,141.800003,133.487167,3012539.0
2021-12-08,143.100006,143.600006,142.300003,142.350006,134.004913,10888080.0
2021-12-09,142.449997,142.649994,141.699997,142.0,133.67543,4540661.0
2021-12-10,141.800003,142.100006,141.350006,141.949997,133.628372,3280340.0
2021-12-13,142.199997,142.449997,141.5,141.5,133.204742,4609301.0
2021-12-14,140.350006,140.699997,139.949997,140.100006,131.88681,4688369.0
2021-12-15,140.100006,140.600006,139.699997,140.300003,132.075104,9933593.0
2021-12-16,141.350006,142.050003,141.149994,142.050003,133.722519,5617055.0
2021-12-17,141.550003,142.0,141.199997,141.899994,133.581299,4887493.0
2021-12-20,141.800003,141.850006,140.300003,140.649994,132.404572,4343413.0
2021-12-21,140.699997,141.949997,140.699997,141.850006,133.534225,6600738.0
2021-12-22,141.949997,142.0,141.649994,141.850006,133.534225,4071445.0
2021-12-23,142.75,143.199997,142.25,142.649994,134.287323,13926340.0
2021-12-24,143.0,143.600006,142.949997,143.050003,134.663895,12525381.0
2021-12-27,143.199997,144.25,143.100006,144.149994,135.699387,6512199.0
2021-12-28,144.300003,145.300003,144.300003,145.300003,136.781982,22455995.0
2021-12-29,145.449997,146.149994,145.050003,145.949997,137.393875,22522224.0
2021-12-30,145.949997,146.0,145.350006,145.5,136.970261,6246428.0
2022-01-03,146.0,147.350006,146.0,146.399994,137.81749,6784202.0
2022-01-04,147.699997,149.600006,147.699997,149.600006,140.82991,9634440.0
2022-01-05,150.100006,150.550003,149.100006,149.300003,140.547501,11406601.0
2022-01-06,148.300003,148.75,147.0,147.899994,139.229553,8621233.0
2022-01-07,148.300003,149.0,146.5,146.600006,138.005768,6989124.0
2022-01-10,146.0,147.800003,145.399994,147.550003,138.90007,15701971.0
2022-01-11,147.600006,148.5,146.699997,148.300003,139.60611,17755402.0
2022-01-12,149.350006,149.600006,148.699997,149.550003,140.782822,10154802.0
2022-01-13,149.550003,150.449997,149.550003,150.300003,141.488861,7453096.0
2022-01-14,150.800003,151.199997,149.050003,150.300003,141.488861,10111529.0
2022-01-17,151.100006,152.399994,151.100006,152.0,143.089188,6927798.0
2022-01-18,152.199997,152.25,150.149994,150.300003,141.488861,14415115.0
2022-01-19,149.0,149.649994,148.25,148.5,139.794388,14664287.0
2022-01-20,148.5,149.199997,147.600006,149.100006,140.359207,16263347.0
2022-01-21,143.899994,143.949997,142.300003,142.649994,137.23262,29877595.0
2022-01-24,142.100006,144.0,141.699997,144.0,138.531357,13160487.0
2022-01-25,142.550003,142.550003,141.25,141.649994,136.270599,24021948.0
2022-01-26,141.149994,142.199997,141.050003,141.550003,136.174408,17750822.0
2022-02-07,142.600006,142.800003,141.199997,142.300003,136.89592,24022580.0
2022-02-08,143.300003,143.5,142.800003,142.899994,137.473129,11085092.0
2022-02-09,143.5,143.5,142.649994,143.399994,137.954147,8060900.0
2022-02-10,143.899994,145.050003,143.5,145.050003,139.541473,6004217.0
2022-02-11,144.699997,145.050003,144.050003,144.949997,139.445282,4314921.0
2022-02-14,143.949997,143.949997,142.199997,142.699997,137.280731,11864040.0
2022-02-15,142.699997,143.199997,141.949997,142.050003,136.655426,7361227.0
2022-02-16,143.899994,144.449997,143.800003,144.399994,138.916168,6700043.0
2022-02-17,144.399994,145.0,144.0,144.5,139.012375,4940804.0
2022-02-18,143.5,144.149994,143.050003,144.100006,138.627563,3867211.0
2022-02-21,143.449997,143.850006,142.800003,143.800003,138.338959,4502939.0
2022-02-22,142.600006,142.649994,140.75,141.850006,136.463013,18718149.0
2022-02-23,141.850006,142.399994,141.649994,142.25,136.847809,4408857.0
2022-02-24,141.100006,141.100006,138.300003,138.800003,133.528839,29453452.0
2022-02-25,139.050003,139.199997,137.850006,138.5,133.240234,22577270.0
2022-03-01,139.050003,140.800003,138.850006,140.449997,135.11618,8239515.0
2022-03-02,140.0,140.100006,139.199997,139.649994,134.346558,6131154.0
2022-03-03,140.5,140.800003,139.850006,139.949997,134.635162,4438868.0
2022-03-04,138.5,138.850006,137.949997,138.449997,133.192123,12599177.0
2022-03-07,136.899994,136.899994,133.75,134.0,128.911133,52044419.0
2022-03-08,132.449997,133.149994,131.0,131.149994,126.16935,41820858.0
2022-03-09,132.199997,133.25,132.199997,132.5,127.468086,20881585.0
2022-03-10,135.199997,136.550003,135.199997,136.350006,131.17189,14436523.0
2022-03-11,135.850006,135.850006,134.199997,134.399994,129.295929,10604845.0
2022-03-14,135.0,135.350006,134.0,134.399994,129.295929,8586652.0
2022-03-15,133.149994,133.149994,131.399994,131.649994,126.650368,23530678.0
2022-03-16,133.199997,133.25,131.100006,132.199997,127.179474,18988520.0
2022-03-17,135.449997,136.5,135.199997,136.399994,131.219986,14001548.0
2022-03-18,136.600006,136.600006,135.5,136.100006,130.931381,12645344.0
2022-03-21,136.800003,137.649994,136.800003,137.0,131.797195,7718397.0
2022-03-22,136.800003,137.0,136.300003,136.800003,131.604782,6046072.0
2022-03-23,137.600006,138.350006,137.550003,138.100006,132.855438,10269938.0
2022-03-24,137.5,138.100006,137.050003,138.0,132.759232,4277141.0
2022-03-25,138.399994,138.5,137.899994,138.199997,132.951614,4874198.0
2022-03-28,137.0,137.0,135.550003,136.699997,131.508591,10506177.0
2022-03-29,137.0,137.199997,136.600006,136.850006,131.652893,6443554.0
2022-03-30,138.050003,138.699997,138.050003,138.550003,133.288345,8166267.0
2022-03-31,138.550003,138.649994,138.100006,138.100006,132.855438,3559638.0
2022-04-01,136.600006,136.949997,136.149994,136.949997,131.749084,7698756.0
2022-04-06,135.25,136.350006,135.0,136.25,131.075684,11562914.0
2022-04-07,135.100006,135.100006,133.800003,133.800003,128.718735,14747866.0
2022-04-08,134.100006,134.550003,133.75,134.550003,129.440247,8942218.0
2022-04-11,134.149994,134.449997,132.199997,132.449997,127.419991,16709415.0
2022-04-12,132.149994,132.850006,131.600006,132.550003,127.516182,14218880.0
2022-04-13,133.399994,135.199997,133.199997,135.050003,129.921249,7046713.0
2022-04-14,135.75,135.75,134.550003,134.550003,129.440247,4947994.0
2022-04-15,132.850006,133.050003,132.0,132.25,127.227585,20692379.0
2022-04-18,132.0,132.25,131.149994,131.550003,126.554176,17962021.0
2022-04-19,132.25,132.949997,131.850006,132.0,126.987076,9059509.0
2022-04-20,132.199997,132.699997,131.649994,132.649994,127.612389,6762135.0
2022-04-21,133.25,133.600006,132.649994,132.75,127.708595,3984094.0
2022-04-22,131.399994,131.75,130.850006,131.600006,126.602272,11200337.0
2022-04-25,130.0,130.050003,128.649994,129.25,124.341515,32212970.0
2022-04-26,129.75,129.800003,128.850006,129.25,124.341515,9352352.0
2022-04-27,127.0,127.0,126.050003,126.550003,121.744049,28746564.0
2022-04-28,127.349998,127.400002,125.949997,127.099998,122.27317,11542841.0
2022-04-29,128.899994,129.5,128.25,128.75,123.860504,11884431.0
2022-05-03,128.550003,128.699997,127.449997,127.800003,122.946579,6281269.0
2022-05-04,128.300003,128.449997,127.5,127.800003,122.946579,9899693.0
2022-05-05,129.5,129.800003,128.949997,129.25,124.341515,6225604.0
2022-05-06,126.449997,126.849998,125.949997,126.650002,121.840256,17050883.0
2022-05-09,125.5,125.550003,124.5,124.550003,119.820007,12930248.0
2022-05-10,122.150002,124.099998,121.550003,124.0,119.290886,13844143.0
2022-05-11,123.849998,124.449997,123.300003,124.199997,119.483292,8049901.0
2022-05-12,123.0,123.0,121.199997,121.25,116.645332,11938815.0
2022-05-13,122.099998,122.349998,121.550003,122.349998,117.70356,7026550.0
2022-05-16,123.449997,124.0,122.5,123.0,118.328873,5726166.0
2022-05-17,123.150002,124.5,123.150002,124.349998,119.627602,4165551.0
2022-05-18,125.349998,126.0,125.25,125.699997,120.926331,6316611.0
2022-05-19,123.449997,123.800003,122.650002,123.300003,118.617477,7258370.0
2022-05-20,123.75,124.949997,123.650002,124.650002,119.916214,3665416.0
2022-05-23,125.300003,125.599998,124.5,124.900002,120.156715,2678893.0
2022-05-24,125.0,125.199997,123.400002,123.5,118.809883,5069187.0
2022-05-25,123.699997,124.699997,123.449997,124.449997,119.723801,2567573.0
2022-05-26,125.0,125.0,122.849998,122.900002,118.232666,5804968.0
2022-05-27,124.150002,125.800003,124.050003,125.5,120.733932,11700393.0
2022-05-30,127.25,128.600006,127.050003,128.550003,123.668098,14542630.0
2022-05-31,128.449997,129.800003,127.599998,129.800003,124.870628,7025667.0
2022-06-01,129.300003,130.050003,129.0,129.149994,124.245308,6406682.0
2022-06-02,128.449997,128.449997,127.599998,127.800003,122.946579,4429653.0
2022-06-06,128.25,129.0,127.449997,128.699997,123.812401,4027825.0
2022-06-07,127.949997,127.949997,126.849998,127.400002,122.561768,4841440.0
2022-06-08,128.5,129.100006,128.149994,128.800003,123.908615,3979050.0
2022-06-09,128.199997,128.5,127.650002,128.399994,123.523796,1927275.0
2022-06-10,126.800003,127.400002,126.400002,127.099998,122.27317,4249603.0
2022-06-13,124.099998,124.25,123.449997,123.550003,118.857986,16866775.0
2022-06-14,122.599998,123.550003,122.099998,123.349998,118.665573,11889780.0
2022-06-15,123.0,123.599998,122.650002,122.75,118.088364,8848327.0
2022-06-16,124.099998,125.0,122.25,122.5,117.847855,12767922.0
2022-06-17,121.0,121.5,120.400002,120.849998,116.260521,19671555.0
2022-06-20,120.900002,120.949997,119.5,119.75,115.202301,10564277.0
2022-06-21,120.949997,122.199997,120.349998,122.199997,117.55925,6482625.0
2022-06-22,121.699997,121.699997,119.349998,119.5,114.961784,15108994.0
2022-06-23,119.800003,119.800003,117.25,117.900002,113.422546,16872943.0
2022-06-24,118.650002,119.300003,117.949997,118.150002,113.663055,10768382.0
2022-06-27,119.800003,121.449997,119.800003,120.949997,116.35672,16680954.0
2022-06-28,120.800003,120.800003,119.25,119.800003,115.250397,10808460.0
2022-06-29,118.699997,119.550003,118.5,118.800003,114.288376,6271996.0
2022-06-30,117.699997,117.800003,115.5,115.800003,111.402298,20430245.0
2022-07-01,115.650002,115.650002,111.199997,111.550003,107.313705,34719560.0
2022-07-04,111.25,112.199997,110.0,110.449997,106.25547,26442712.0
2022-07-05,112.550003,112.949997,109.0,111.0,106.784592,16214458.0
2022-07-06,111.0,111.050003,108.449997,108.849998,104.71624,15611981.0
2022-07-07,109.449997,112.150002,108.550003,112.099998,107.842819,13433190.0
2022-07-08,113.300003,113.900002,112.300003,113.25,108.949135,10177857.0
2022-07-11,113.650002,113.699997,111.849998,112.25,107.987122,7572953.0
2022-07-12,110.949997,110.949997,109.150002,109.550003,105.389664,11133444.0
2022-07-13,113.0,113.650002,112.599998,113.449997,109.141541,24824897.0
2022-07-14,112.699997,114.25,111.800003,114.0,109.670654,14750428.0
2022-07-15,114.599998,115.650002,113.75,115.5,111.113701,18555312.0
2022-07-18,114.650002,114.849998,113.949997,114.199997,109.86306,22207344.0
2022-07-19,113.949997,114.650002,113.599998,114.300003,109.959267,13251365.0
2022-07-20,115.849998,116.199997,114.699997,115.050003,110.680786,16836288.0
2022-07-21,115.400002,116.349998,115.0,116.349998,111.931419,8803270.0
2022-07-22,116.599998,117.199997,116.300003,116.800003,112.364326,15614914.0
2022-07-25,116.300003,116.949997,116.0,116.699997,112.26812,10543360.0
2022-07-26,116.599998,116.599998,115.300003,115.650002,111.258003,12623932.0
2022-07-27,115.5,116.699997,115.150002,116.699997,112.26812,7917050.0
2022-07-28,117.849998,117.949997,116.900002,116.900002,112.460533,8307208.0
2022-07-29,118.150002,118.5,117.650002,118.0,113.518753,8030332.0
2022-08-01,118.099998,118.099998,117.199997,117.650002,113.182053,9504634.0
2022-08-02,116.550003,116.550003,115.099998,115.550003,111.379539,17694450.0
2022-08-03,115.650002,116.25,115.5,116.25,112.054276,7840202.0
2022-08-04,116.349998,116.800003,115.199997,116.550003,112.343452,6849417.0
2022-08-05,118.0,119.5,117.900002,119.5,115.186974,9309559.0
2022-08-08,119.0,119.25,118.300003,119.25,114.945999,8691407.0
2022-08-09,118.400002,119.5,118.0,119.150002,114.849609,7884158.0
2022-08-10,118.0,118.199997,117.5,117.900002,113.644722,7222854.0
2022-08-11,119.800003,120.449997,119.599998,120.050003,115.717125,10728096.0
2022-08-12,120.550003,121.0,120.300003,120.800003,116.440056,8424337.0
2022-08-15,121.449997,122.099998,121.25,121.900002,117.500359,9547362.0
2022-08-16,122.0,122.300003,121.900002,122.099998,117.693138,9872266.0
2022-08-17,122.099998,122.300003,121.800003,122.150002,117.741333,13854866.0
2022-08-18,121.400002,121.449997,120.949997,121.349998,116.9702,5272003.0
2022-08-19,121.25,122.0,120.900002,121.550003,117.162987,4026019.0
2022-08-22,120.0,120.25,119.75,120.050003,115.717125,5007000.0
2022-08-23,118.550003,119.0,118.199997,118.199997,113.933891,10325627.0
2022-08-24,118.800003,118.949997,117.650002,117.900002,113.644722,7063478.0
2022-08-25,118.5,119.449997,118.449997,119.0,114.705017,4893719.0
2022-08-26,119.849998,120.099998,119.449997,119.599998,115.283363,9959737.0
2022-08-29,116.25,116.949997,116.0,116.550003,112.343452,15775738.0
2022-08-30,116.550003,117.199997,116.199997,116.75,112.536232,12155353.0
2022-08-31,115.949997,117.599998,115.800003,117.599998,113.355553,7045914.0
2022-09-01,115.5,115.599998,114.75,115.150002,110.99398,21061579.0
2022-09-02,115.099998,115.099998,113.849998,113.900002,109.789093,13994058.0
2022-09-05,114.099998,114.75,113.699997,114.150002,110.030067,8878179.0
2022-09-06,114.800003,115.400002,114.25,114.900002,110.752998,6476116.0
2022-09-07,113.099998,113.150002,112.099998,112.199997,108.150444,15488892.0
2022-09-08,113.050003,113.050003,112.400002,113.0,108.921577,7117171.0
2022-09-12,115.300003,115.650002,115.0,115.400002,111.234955,7545318.0
2022-09-13,116.099998,116.400002,115.75,116.0,111.813301,4540486.0
2022-09-14,113.050003,113.949997,112.800003,113.650002,109.548119,10945566.0
2022-09-15,113.5,114.25,113.199997,113.849998,109.740898,3684100.0
2022-09-16,112.650002,112.849998,112.300003,112.550003,108.487816,12950907.0
2022-09-19,112.949997,112.949997,111.900002,112.050003,108.005867,7177318.0
2022-09-20,112.550003,113.150002,112.25,113.050003,108.969772,5757206.0
2022-09-21,112.800003,112.800003,111.800003,112.099998,108.054062,11011543.0
2022-09-22,110.400002,110.75,109.5,110.75,106.752785,14911681.0
2022-09-23,110.25,110.349998,109.349998,109.699997,105.740677,14598986.0
2022-09-26,108.050003,108.050003,107.150002,107.650002,103.764671,19920826.0
2022-09-27,107.800003,107.949997,107.0,107.5,103.620079,8962778.0
2022-09-28,107.599998,107.650002,105.25,105.25,101.451294,18898469.0
2022-09-29,106.449997,106.449997,104.599998,104.900002,101.113922,10402108.0
2022-09-30,103.300003,103.900002,103.0,103.449997,99.716255,12676428.0
2022-10-03,102.5,103.599998,102.050003,102.199997,98.511368,10992367.0
2022-10-04,104.550003,104.800003,104.099998,104.800003,101.017532,7528683.0
2022-10-05,106.5,107.849998,106.349998,107.25,103.379105,10696796.0
2022-10-06,107.800003,108.0,107.5,108.0,104.102043,8457011.0
2022-10-07,107.400002,107.400002,106.099998,106.199997,102.367004,8700628.0
2022-10-11,102.0,102.150002,100.5,100.699997,97.065506,31480435.0
2022-10-12,100.400002,100.699997,99.550003,100.199997,96.583549,13349296.0
2022-10-13,100.550003,100.550003,99.0,99.0,95.426872,20842760.0
